ISO-10303-21;
HEADER;
/* Generated by software containing ST-Developer
 * from STEP Tools, Inc. (www.steptools.com) 
 */

FILE_DESCRIPTION(
/* description */ ('',
'CAx-IF Rec.Pracs.---Representation and Presentation of Product Manufa
cturing Information (PMI)---4.0---2014-10-13'),
/* implementation_level */ '2;1');

FILE_NAME(
/* name */ 'Configuration 1.step',
/* time_stamp */ '2025-06-16T12:21:44-04:00',
/* author */ (''),
/* organization */ (''),
/* preprocessor_version */ 'ST-DEVELOPER v20',
/* originating_system */ 'Autodesk Translation Framework v13.20.0.188',

/* authorisation */ '');

FILE_SCHEMA (('AP242_MANAGED_MODEL_BASED_3D_ENGINEERING_MIM_LF { 1 0 10303 442 1 1 4 }'));
ENDSEC;

DATA;
#10=MECHANICAL_DESIGN_GEOMETRIC_PRESENTATION_REPRESENTATION('',(#13),#4616);
#11=SHAPE_REPRESENTATION_RELATIONSHIP('SRR','None',#4623,#12);
#12=ADVANCED_BREP_SHAPE_REPRESENTATION('',(#14),#4615);
#13=STYLED_ITEM('',(#4632),#14);
#14=MANIFOLD_SOLID_BREP('Body1',#2713);
#15=(
BOUNDED_SURFACE()
B_SPLINE_SURFACE(3,1,((#4577,#4578),(#4579,#4580),(#4581,#4582),(#4583,
#4584)),.UNSPECIFIED.,.F.,.F.,.F.)
B_SPLINE_SURFACE_WITH_KNOTS((4,4),(2,2),(0.,1.),(0.,2.5),.UNSPECIFIED.)
GEOMETRIC_REPRESENTATION_ITEM()
RATIONAL_B_SPLINE_SURFACE(((1.,1.),(1.,1.),(1.,1.),(1.,1.)))
REPRESENTATION_ITEM('')
SURFACE()
);
#16=(
BOUNDED_SURFACE()
B_SPLINE_SURFACE(3,1,((#4589,#4590),(#4591,#4592),(#4593,#4594),(#4595,
#4596)),.UNSPECIFIED.,.F.,.F.,.F.)
B_SPLINE_SURFACE_WITH_KNOTS((4,4),(2,2),(-1.,0.),(0.,2.5),.UNSPECIFIED.)
GEOMETRIC_REPRESENTATION_ITEM()
RATIONAL_B_SPLINE_SURFACE(((1.,1.),(1.,1.),(1.,1.),(1.,1.)))
REPRESENTATION_ITEM('')
SURFACE()
);
#17=(
BOUNDED_CURVE()
B_SPLINE_CURVE(3,(#4409,#4410,#4411,#4412),.UNSPECIFIED.,.F.,.F.)
B_SPLINE_CURVE_WITH_KNOTS((4,4),(0.,1.),.UNSPECIFIED.)
CURVE()
GEOMETRIC_REPRESENTATION_ITEM()
RATIONAL_B_SPLINE_CURVE((1.,1.,1.,1.))
REPRESENTATION_ITEM('')
);
#18=(
BOUNDED_CURVE()
B_SPLINE_CURVE(3,(#4585,#4586,#4587,#4588),.UNSPECIFIED.,.F.,.F.)
B_SPLINE_CURVE_WITH_KNOTS((4,4),(0.,1.),.UNSPECIFIED.)
CURVE()
GEOMETRIC_REPRESENTATION_ITEM()
RATIONAL_B_SPLINE_CURVE((1.,1.,1.,1.))
REPRESENTATION_ITEM('')
);
#19=(
BOUNDED_CURVE()
B_SPLINE_CURVE(3,(#4598,#4599,#4600,#4601),.UNSPECIFIED.,.F.,.F.)
B_SPLINE_CURVE_WITH_KNOTS((4,4),(0.,1.),.UNSPECIFIED.)
CURVE()
GEOMETRIC_REPRESENTATION_ITEM()
RATIONAL_B_SPLINE_CURVE((1.,1.,1.,1.))
REPRESENTATION_ITEM('')
);
#20=(
BOUNDED_CURVE()
B_SPLINE_CURVE(3,(#4603,#4604,#4605,#4606),.UNSPECIFIED.,.F.,.F.)
B_SPLINE_CURVE_WITH_KNOTS((4,4),(-1.,0.),.UNSPECIFIED.)
CURVE()
GEOMETRIC_REPRESENTATION_ITEM()
RATIONAL_B_SPLINE_CURVE((1.,1.,1.,1.))
REPRESENTATION_ITEM('')
);
#21=ELLIPSE('',#2844,3.19975471836342,1.8);
#22=ELLIPSE('',#2846,3.19975471836342,1.8);
#23=TOROIDAL_SURFACE('',#2818,33.1000000000016,26.);
#24=SPHERICAL_SURFACE('',#2754,4.);
#25=B_SPLINE_CURVE_WITH_KNOTS('',3,(#3720,#3721,#3722,#3723,#3724,#3725,
#3726,#3727,#3728,#3729,#3730,#3731,#3732,#3733,#3734,#3735,#3736,#3737,
#3738),.UNSPECIFIED.,.F.,.F.,(4,2,2,2,3,2,2,2,4),(-0.801223789819924,-0.676952242335818,
-0.454039733882031,-0.227019866941016,0.,0.227019866941016,0.454039733882031,
0.676952242335817,0.801223789819924),.UNSPECIFIED.);
#26=B_SPLINE_CURVE_WITH_KNOTS('',3,(#3789,#3790,#3791,#3792,#3793,#3794,
#3795,#3796),.UNSPECIFIED.,.F.,.F.,(4,2,2,4),(3.05668498122293,3.42154891158977,
3.78641284195662,4.5161407026903),.UNSPECIFIED.);
#27=B_SPLINE_CURVE_WITH_KNOTS('',3,(#4094,#4095,#4096,#4097,#4098,#4099,
#4100,#4101,#4102,#4103,#4104,#4105,#4106,#4107),.UNSPECIFIED.,.F.,.F.,
(4,2,2,2,2,2,4),(0.78123930504145,0.854256056373955,1.13900807516527,1.49175874066678,
1.84450940616828,2.48756934484658,3.13062928352487),.UNSPECIFIED.);
#28=B_SPLINE_CURVE_WITH_KNOTS('',3,(#4110,#4111,#4112,#4113,#4114,#4115,
#4116,#4117,#4118,#4119),.UNSPECIFIED.,.F.,.F.,(4,2,2,2,4),(7.83508932672581,
8.28695884659917,8.73882836647253,9.26180037525785,9.33394908974146),
 .UNSPECIFIED.);
#29=B_SPLINE_CURVE_WITH_KNOTS('',3,(#4120,#4121,#4122,#4123,#4124,#4125,
#4126,#4127,#4128,#4129,#4130,#4131,#4132,#4133,#4134,#4135,#4136,#4137,
#4138,#4139,#4140,#4141,#4142,#4143),.UNSPECIFIED.,.F.,.F.,(4,2,2,2,2,2,
2,2,2,2,2,4),(0.227989256876776,0.262871513505549,0.330311278989644,0.343917682099765,
0.350832176593992,0.356352174613304,0.362566791180011,0.372964805075096,
0.399489611176868,0.442284922987377,0.525477476993781,0.596990349506728),
 .UNSPECIFIED.);
#30=B_SPLINE_CURVE_WITH_KNOTS('',3,(#4426,#4427,#4428,#4429,#4430,#4431,
#4432,#4433,#4434,#4435,#4436,#4437,#4438,#4439,#4440,#4441,#4442,#4443,
#4444,#4445,#4446,#4447,#4448,#4449,#4450,#4451,#4452,#4453,#4454,#4455,
#4456,#4457,#4458,#4459),.UNSPECIFIED.,.T.,.F.,(4,2,2,2,2,2,2,2,2,2,2,2,
2,2,2,2,4),(0.,0.150620629412286,0.301241258824571,0.453164052102776,0.605086845380981,
0.760106642156891,0.915126438932801,1.06609663181242,1.21706682469205,1.36803701757167,
1.51900721045129,1.6740270072272,1.82904680400311,1.98096959728132,2.13289239055952,
2.28351301997181,2.43413364938409),.UNSPECIFIED.);
#31=B_SPLINE_CURVE_WITH_KNOTS('',3,(#4476,#4477,#4478,#4479,#4480,#4481,
#4482,#4483,#4484,#4485,#4486,#4487,#4488,#4489,#4490,#4491,#4492,#4493,
#4494,#4495,#4496,#4497,#4498,#4499,#4500,#4501,#4502,#4503,#4504,#4505,
#4506,#4507,#4508,#4509),.UNSPECIFIED.,.T.,.F.,(4,2,2,2,2,2,2,2,2,2,2,2,
2,2,2,2,4),(0.,0.150970192879621,0.301940385759242,0.456960182535134,0.611979979311027,
0.763902772589227,0.915825565867428,1.06644619527971,1.217066824692,1.36768745410428,
1.51830808351657,1.67023087679477,1.82215367007297,1.97717346684886,2.13219326362476,
2.28316345650438,2.434133649384),.UNSPECIFIED.);
#32=FACE_BOUND('',#305,.T.);
#33=FACE_BOUND('',#308,.T.);
#34=FACE_BOUND('',#317,.T.);
#35=FACE_BOUND('',#318,.T.);
#36=FACE_BOUND('',#319,.T.);
#37=FACE_BOUND('',#324,.T.);
#38=FACE_BOUND('',#340,.T.);
#39=FACE_BOUND('',#342,.T.);
#40=FACE_BOUND('',#343,.T.);
#41=FACE_BOUND('',#351,.T.);
#42=FACE_BOUND('',#359,.T.);
#43=FACE_BOUND('',#362,.T.);
#44=FACE_BOUND('',#365,.T.);
#45=FACE_BOUND('',#371,.T.);
#46=FACE_BOUND('',#379,.T.);
#47=FACE_BOUND('',#380,.T.);
#48=FACE_BOUND('',#381,.T.);
#49=FACE_BOUND('',#384,.T.);
#50=FACE_BOUND('',#385,.T.);
#51=FACE_BOUND('',#386,.T.);
#52=FACE_BOUND('',#437,.T.);
#53=FACE_BOUND('',#442,.T.);
#54=FACE_BOUND('',#446,.T.);
#55=FACE_BOUND('',#449,.T.);
#56=FACE_BOUND('',#452,.T.);
#57=FACE_BOUND('',#456,.T.);
#58=FACE_BOUND('',#459,.T.);
#59=FACE_BOUND('',#462,.T.);
#60=PLANE('',#2739);
#61=PLANE('',#2744);
#62=PLANE('',#2745);
#63=PLANE('',#2746);
#64=PLANE('',#2747);
#65=PLANE('',#2748);
#66=PLANE('',#2756);
#67=PLANE('',#2761);
#68=PLANE('',#2762);
#69=PLANE('',#2763);
#70=PLANE('',#2770);
#71=PLANE('',#2771);
#72=PLANE('',#2772);
#73=PLANE('',#2773);
#74=PLANE('',#2774);
#75=PLANE('',#2775);
#76=PLANE('',#2776);
#77=PLANE('',#2777);
#78=PLANE('',#2778);
#79=PLANE('',#2779);
#80=PLANE('',#2780);
#81=PLANE('',#2781);
#82=PLANE('',#2782);
#83=PLANE('',#2783);
#84=PLANE('',#2784);
#85=PLANE('',#2785);
#86=PLANE('',#2786);
#87=PLANE('',#2787);
#88=PLANE('',#2788);
#89=PLANE('',#2789);
#90=PLANE('',#2790);
#91=PLANE('',#2792);
#92=PLANE('',#2793);
#93=PLANE('',#2794);
#94=PLANE('',#2795);
#95=PLANE('',#2796);
#96=PLANE('',#2797);
#97=PLANE('',#2798);
#98=PLANE('',#2800);
#99=PLANE('',#2801);
#100=PLANE('',#2804);
#101=PLANE('',#2805);
#102=PLANE('',#2808);
#103=PLANE('',#2812);
#104=PLANE('',#2820);
#105=PLANE('',#2825);
#106=PLANE('',#2831);
#107=PLANE('',#2832);
#108=PLANE('',#2833);
#109=PLANE('',#2834);
#110=PLANE('',#2835);
#111=PLANE('',#2836);
#112=PLANE('',#2837);
#113=PLANE('',#2838);
#114=PLANE('',#2839);
#115=PLANE('',#2840);
#116=PLANE('',#2841);
#117=PLANE('',#2847);
#118=PLANE('',#2848);
#119=PLANE('',#2849);
#120=PLANE('',#2850);
#121=PLANE('',#2851);
#122=PLANE('',#2852);
#123=PLANE('',#2853);
#124=PLANE('',#2854);
#125=PLANE('',#2855);
#126=PLANE('',#2856);
#127=PLANE('',#2857);
#128=PLANE('',#2858);
#129=PLANE('',#2859);
#130=PLANE('',#2860);
#131=PLANE('',#2861);
#132=PLANE('',#2862);
#133=PLANE('',#2863);
#134=PLANE('',#2864);
#135=PLANE('',#2865);
#136=PLANE('',#2866);
#137=PLANE('',#2867);
#138=PLANE('',#2868);
#139=PLANE('',#2869);
#140=PLANE('',#2870);
#141=PLANE('',#2871);
#142=PLANE('',#2874);
#143=PLANE('',#2878);
#144=PLANE('',#2884);
#145=PLANE('',#2885);
#146=PLANE('',#2888);
#147=PLANE('',#2889);
#148=PLANE('',#2893);
#149=PLANE('',#2895);
#150=PLANE('',#2897);
#151=PLANE('',#2903);
#152=PLANE('',#2911);
#153=PLANE('',#2920);
#154=PLANE('',#2921);
#155=PLANE('',#2925);
#156=PLANE('',#2930);
#157=PLANE('',#2933);
#158=PLANE('',#2934);
#159=PLANE('',#2942);
#160=PLANE('',#2943);
#161=FACE_OUTER_BOUND('',#301,.T.);
#162=FACE_OUTER_BOUND('',#302,.T.);
#163=FACE_OUTER_BOUND('',#303,.T.);
#164=FACE_OUTER_BOUND('',#304,.T.);
#165=FACE_OUTER_BOUND('',#306,.T.);
#166=FACE_OUTER_BOUND('',#307,.T.);
#167=FACE_OUTER_BOUND('',#309,.T.);
#168=FACE_OUTER_BOUND('',#310,.T.);
#169=FACE_OUTER_BOUND('',#311,.T.);
#170=FACE_OUTER_BOUND('',#312,.T.);
#171=FACE_OUTER_BOUND('',#313,.T.);
#172=FACE_OUTER_BOUND('',#314,.T.);
#173=FACE_OUTER_BOUND('',#315,.T.);
#174=FACE_OUTER_BOUND('',#316,.T.);
#175=FACE_OUTER_BOUND('',#320,.T.);
#176=FACE_OUTER_BOUND('',#321,.T.);
#177=FACE_OUTER_BOUND('',#322,.T.);
#178=FACE_OUTER_BOUND('',#323,.T.);
#179=FACE_OUTER_BOUND('',#325,.T.);
#180=FACE_OUTER_BOUND('',#326,.T.);
#181=FACE_OUTER_BOUND('',#327,.T.);
#182=FACE_OUTER_BOUND('',#328,.T.);
#183=FACE_OUTER_BOUND('',#329,.T.);
#184=FACE_OUTER_BOUND('',#330,.T.);
#185=FACE_OUTER_BOUND('',#331,.T.);
#186=FACE_OUTER_BOUND('',#332,.T.);
#187=FACE_OUTER_BOUND('',#333,.T.);
#188=FACE_OUTER_BOUND('',#334,.T.);
#189=FACE_OUTER_BOUND('',#335,.T.);
#190=FACE_OUTER_BOUND('',#336,.T.);
#191=FACE_OUTER_BOUND('',#337,.T.);
#192=FACE_OUTER_BOUND('',#338,.T.);
#193=FACE_OUTER_BOUND('',#339,.T.);
#194=FACE_OUTER_BOUND('',#341,.T.);
#195=FACE_OUTER_BOUND('',#344,.T.);
#196=FACE_OUTER_BOUND('',#345,.T.);
#197=FACE_OUTER_BOUND('',#346,.T.);
#198=FACE_OUTER_BOUND('',#347,.T.);
#199=FACE_OUTER_BOUND('',#348,.T.);
#200=FACE_OUTER_BOUND('',#349,.T.);
#201=FACE_OUTER_BOUND('',#350,.T.);
#202=FACE_OUTER_BOUND('',#352,.T.);
#203=FACE_OUTER_BOUND('',#353,.T.);
#204=FACE_OUTER_BOUND('',#354,.T.);
#205=FACE_OUTER_BOUND('',#355,.T.);
#206=FACE_OUTER_BOUND('',#356,.T.);
#207=FACE_OUTER_BOUND('',#357,.T.);
#208=FACE_OUTER_BOUND('',#358,.T.);
#209=FACE_OUTER_BOUND('',#360,.T.);
#210=FACE_OUTER_BOUND('',#361,.T.);
#211=FACE_OUTER_BOUND('',#363,.T.);
#212=FACE_OUTER_BOUND('',#364,.T.);
#213=FACE_OUTER_BOUND('',#366,.T.);
#214=FACE_OUTER_BOUND('',#367,.T.);
#215=FACE_OUTER_BOUND('',#368,.T.);
#216=FACE_OUTER_BOUND('',#369,.T.);
#217=FACE_OUTER_BOUND('',#370,.T.);
#218=FACE_OUTER_BOUND('',#372,.T.);
#219=FACE_OUTER_BOUND('',#373,.T.);
#220=FACE_OUTER_BOUND('',#374,.T.);
#221=FACE_OUTER_BOUND('',#375,.T.);
#222=FACE_OUTER_BOUND('',#376,.T.);
#223=FACE_OUTER_BOUND('',#377,.T.);
#224=FACE_OUTER_BOUND('',#378,.T.);
#225=FACE_OUTER_BOUND('',#382,.T.);
#226=FACE_OUTER_BOUND('',#383,.T.);
#227=FACE_OUTER_BOUND('',#387,.T.);
#228=FACE_OUTER_BOUND('',#388,.T.);
#229=FACE_OUTER_BOUND('',#389,.T.);
#230=FACE_OUTER_BOUND('',#390,.T.);
#231=FACE_OUTER_BOUND('',#391,.T.);
#232=FACE_OUTER_BOUND('',#392,.T.);
#233=FACE_OUTER_BOUND('',#393,.T.);
#234=FACE_OUTER_BOUND('',#394,.T.);
#235=FACE_OUTER_BOUND('',#395,.T.);
#236=FACE_OUTER_BOUND('',#396,.T.);
#237=FACE_OUTER_BOUND('',#397,.T.);
#238=FACE_OUTER_BOUND('',#398,.T.);
#239=FACE_OUTER_BOUND('',#399,.T.);
#240=FACE_OUTER_BOUND('',#400,.T.);
#241=FACE_OUTER_BOUND('',#401,.T.);
#242=FACE_OUTER_BOUND('',#402,.T.);
#243=FACE_OUTER_BOUND('',#403,.T.);
#244=FACE_OUTER_BOUND('',#404,.T.);
#245=FACE_OUTER_BOUND('',#405,.T.);
#246=FACE_OUTER_BOUND('',#406,.T.);
#247=FACE_OUTER_BOUND('',#407,.T.);
#248=FACE_OUTER_BOUND('',#408,.T.);
#249=FACE_OUTER_BOUND('',#409,.T.);
#250=FACE_OUTER_BOUND('',#410,.T.);
#251=FACE_OUTER_BOUND('',#411,.T.);
#252=FACE_OUTER_BOUND('',#412,.T.);
#253=FACE_OUTER_BOUND('',#413,.T.);
#254=FACE_OUTER_BOUND('',#414,.T.);
#255=FACE_OUTER_BOUND('',#415,.T.);
#256=FACE_OUTER_BOUND('',#416,.T.);
#257=FACE_OUTER_BOUND('',#417,.T.);
#258=FACE_OUTER_BOUND('',#418,.T.);
#259=FACE_OUTER_BOUND('',#419,.T.);
#260=FACE_OUTER_BOUND('',#420,.T.);
#261=FACE_OUTER_BOUND('',#421,.T.);
#262=FACE_OUTER_BOUND('',#422,.T.);
#263=FACE_OUTER_BOUND('',#423,.T.);
#264=FACE_OUTER_BOUND('',#424,.T.);
#265=FACE_OUTER_BOUND('',#425,.T.);
#266=FACE_OUTER_BOUND('',#426,.T.);
#267=FACE_OUTER_BOUND('',#427,.T.);
#268=FACE_OUTER_BOUND('',#428,.T.);
#269=FACE_OUTER_BOUND('',#429,.T.);
#270=FACE_OUTER_BOUND('',#430,.T.);
#271=FACE_OUTER_BOUND('',#431,.T.);
#272=FACE_OUTER_BOUND('',#432,.T.);
#273=FACE_OUTER_BOUND('',#433,.T.);
#274=FACE_OUTER_BOUND('',#434,.T.);
#275=FACE_OUTER_BOUND('',#435,.T.);
#276=FACE_OUTER_BOUND('',#436,.T.);
#277=FACE_OUTER_BOUND('',#438,.T.);
#278=FACE_OUTER_BOUND('',#439,.T.);
#279=FACE_OUTER_BOUND('',#440,.T.);
#280=FACE_OUTER_BOUND('',#441,.T.);
#281=FACE_OUTER_BOUND('',#443,.T.);
#282=FACE_OUTER_BOUND('',#444,.T.);
#283=FACE_OUTER_BOUND('',#445,.T.);
#284=FACE_OUTER_BOUND('',#447,.T.);
#285=FACE_OUTER_BOUND('',#448,.T.);
#286=FACE_OUTER_BOUND('',#450,.T.);
#287=FACE_OUTER_BOUND('',#451,.T.);
#288=FACE_OUTER_BOUND('',#453,.T.);
#289=FACE_OUTER_BOUND('',#454,.T.);
#290=FACE_OUTER_BOUND('',#455,.T.);
#291=FACE_OUTER_BOUND('',#457,.T.);
#292=FACE_OUTER_BOUND('',#458,.T.);
#293=FACE_OUTER_BOUND('',#460,.T.);
#294=FACE_OUTER_BOUND('',#461,.T.);
#295=FACE_OUTER_BOUND('',#463,.T.);
#296=FACE_OUTER_BOUND('',#464,.T.);
#297=FACE_OUTER_BOUND('',#465,.T.);
#298=FACE_OUTER_BOUND('',#466,.T.);
#299=FACE_OUTER_BOUND('',#467,.T.);
#300=FACE_OUTER_BOUND('',#468,.T.);
#301=EDGE_LOOP('',(#1770,#1771,#1772,#1773));
#302=EDGE_LOOP('',(#1774,#1775,#1776,#1777,#1778,#1779,#1780,#1781,#1782,
#1783));
#303=EDGE_LOOP('',(#1784,#1785,#1786,#1787));
#304=EDGE_LOOP('',(#1788));
#305=EDGE_LOOP('',(#1789));
#306=EDGE_LOOP('',(#1790,#1791,#1792,#1793,#1794,#1795));
#307=EDGE_LOOP('',(#1796,#1797,#1798,#1799,#1800,#1801,#1802,#1803,#1804,
#1805,#1806));
#308=EDGE_LOOP('',(#1807,#1808,#1809,#1810));
#309=EDGE_LOOP('',(#1811,#1812,#1813,#1814));
#310=EDGE_LOOP('',(#1815,#1816,#1817,#1818));
#311=EDGE_LOOP('',(#1819,#1820,#1821,#1822));
#312=EDGE_LOOP('',(#1823,#1824,#1825,#1826));
#313=EDGE_LOOP('',(#1827,#1828,#1829,#1830));
#314=EDGE_LOOP('',(#1831,#1832,#1833,#1834));
#315=EDGE_LOOP('',(#1835,#1836,#1837));
#316=EDGE_LOOP('',(#1838,#1839,#1840,#1841,#1842,#1843,#1844,#1845,#1846));
#317=EDGE_LOOP('',(#1847));
#318=EDGE_LOOP('',(#1848));
#319=EDGE_LOOP('',(#1849,#1850,#1851,#1852));
#320=EDGE_LOOP('',(#1853,#1854,#1855,#1856));
#321=EDGE_LOOP('',(#1857,#1858,#1859,#1860));
#322=EDGE_LOOP('',(#1861,#1862,#1863,#1864,#1865));
#323=EDGE_LOOP('',(#1866,#1867,#1868,#1869,#1870,#1871,#1872,#1873,#1874,
#1875,#1876,#1877,#1878,#1879,#1880,#1881,#1882,#1883));
#324=EDGE_LOOP('',(#1884));
#325=EDGE_LOOP('',(#1885,#1886,#1887,#1888));
#326=EDGE_LOOP('',(#1889,#1890,#1891,#1892));
#327=EDGE_LOOP('',(#1893,#1894,#1895,#1896));
#328=EDGE_LOOP('',(#1897,#1898,#1899,#1900));
#329=EDGE_LOOP('',(#1901,#1902,#1903,#1904));
#330=EDGE_LOOP('',(#1905,#1906,#1907,#1908));
#331=EDGE_LOOP('',(#1909,#1910,#1911,#1912));
#332=EDGE_LOOP('',(#1913,#1914,#1915,#1916));
#333=EDGE_LOOP('',(#1917,#1918,#1919,#1920));
#334=EDGE_LOOP('',(#1921,#1922,#1923,#1924));
#335=EDGE_LOOP('',(#1925,#1926,#1927,#1928));
#336=EDGE_LOOP('',(#1929,#1930,#1931,#1932));
#337=EDGE_LOOP('',(#1933,#1934,#1935,#1936));
#338=EDGE_LOOP('',(#1937,#1938,#1939,#1940));
#339=EDGE_LOOP('',(#1941,#1942,#1943,#1944));
#340=EDGE_LOOP('',(#1945,#1946,#1947,#1948));
#341=EDGE_LOOP('',(#1949,#1950,#1951,#1952,#1953,#1954));
#342=EDGE_LOOP('',(#1955,#1956,#1957,#1958,#1959,#1960));
#343=EDGE_LOOP('',(#1961,#1962,#1963,#1964));
#344=EDGE_LOOP('',(#1965,#1966,#1967,#1968));
#345=EDGE_LOOP('',(#1969,#1970,#1971,#1972));
#346=EDGE_LOOP('',(#1973,#1974,#1975,#1976));
#347=EDGE_LOOP('',(#1977,#1978,#1979,#1980));
#348=EDGE_LOOP('',(#1981,#1982,#1983,#1984));
#349=EDGE_LOOP('',(#1985,#1986,#1987,#1988));
#350=EDGE_LOOP('',(#1989,#1990,#1991,#1992,#1993,#1994));
#351=EDGE_LOOP('',(#1995));
#352=EDGE_LOOP('',(#1996,#1997,#1998,#1999));
#353=EDGE_LOOP('',(#2000,#2001,#2002,#2003));
#354=EDGE_LOOP('',(#2004,#2005,#2006,#2007));
#355=EDGE_LOOP('',(#2008,#2009,#2010,#2011));
#356=EDGE_LOOP('',(#2012,#2013,#2014,#2015));
#357=EDGE_LOOP('',(#2016,#2017,#2018,#2019));
#358=EDGE_LOOP('',(#2020,#2021,#2022,#2023,#2024,#2025));
#359=EDGE_LOOP('',(#2026));
#360=EDGE_LOOP('',(#2027,#2028,#2029,#2030));
#361=EDGE_LOOP('',(#2031,#2032,#2033,#2034,#2035));
#362=EDGE_LOOP('',(#2036));
#363=EDGE_LOOP('',(#2037,#2038,#2039,#2040));
#364=EDGE_LOOP('',(#2041,#2042,#2043,#2044,#2045));
#365=EDGE_LOOP('',(#2046));
#366=EDGE_LOOP('',(#2047,#2048,#2049,#2050,#2051,#2052,#2053,#2054));
#367=EDGE_LOOP('',(#2055,#2056,#2057,#2058));
#368=EDGE_LOOP('',(#2059,#2060,#2061,#2062));
#369=EDGE_LOOP('',(#2063));
#370=EDGE_LOOP('',(#2064,#2065,#2066,#2067,#2068,#2069));
#371=EDGE_LOOP('',(#2070,#2071,#2072,#2073));
#372=EDGE_LOOP('',(#2074,#2075,#2076,#2077,#2078));
#373=EDGE_LOOP('',(#2079,#2080,#2081,#2082,#2083,#2084));
#374=EDGE_LOOP('',(#2085,#2086,#2087,#2088,#2089,#2090,#2091,#2092,#2093,
#2094,#2095));
#375=EDGE_LOOP('',(#2096,#2097,#2098,#2099,#2100,#2101,#2102,#2103));
#376=EDGE_LOOP('',(#2104,#2105,#2106,#2107));
#377=EDGE_LOOP('',(#2108,#2109,#2110,#2111));
#378=EDGE_LOOP('',(#2112,#2113,#2114,#2115));
#379=EDGE_LOOP('',(#2116));
#380=EDGE_LOOP('',(#2117));
#381=EDGE_LOOP('',(#2118,#2119,#2120,#2121));
#382=EDGE_LOOP('',(#2122,#2123,#2124,#2125,#2126,#2127));
#383=EDGE_LOOP('',(#2128,#2129,#2130,#2131,#2132,#2133,#2134,#2135,#2136,
#2137));
#384=EDGE_LOOP('',(#2138));
#385=EDGE_LOOP('',(#2139,#2140,#2141,#2142));
#386=EDGE_LOOP('',(#2143,#2144,#2145,#2146,#2147,#2148));
#387=EDGE_LOOP('',(#2149,#2150,#2151,#2152,#2153,#2154,#2155,#2156,#2157,
#2158,#2159,#2160,#2161,#2162,#2163,#2164,#2165,#2166));
#388=EDGE_LOOP('',(#2167,#2168,#2169,#2170,#2171,#2172));
#389=EDGE_LOOP('',(#2173,#2174,#2175,#2176));
#390=EDGE_LOOP('',(#2177,#2178,#2179,#2180));
#391=EDGE_LOOP('',(#2181,#2182,#2183,#2184));
#392=EDGE_LOOP('',(#2185,#2186,#2187,#2188,#2189,#2190,#2191,#2192));
#393=EDGE_LOOP('',(#2193,#2194,#2195,#2196));
#394=EDGE_LOOP('',(#2197,#2198,#2199,#2200,#2201,#2202,#2203));
#395=EDGE_LOOP('',(#2204,#2205,#2206,#2207,#2208,#2209));
#396=EDGE_LOOP('',(#2210));
#397=EDGE_LOOP('',(#2211,#2212,#2213,#2214,#2215,#2216));
#398=EDGE_LOOP('',(#2217,#2218,#2219,#2220));
#399=EDGE_LOOP('',(#2221,#2222,#2223,#2224));
#400=EDGE_LOOP('',(#2225,#2226,#2227,#2228));
#401=EDGE_LOOP('',(#2229,#2230,#2231,#2232,#2233,#2234));
#402=EDGE_LOOP('',(#2235,#2236,#2237,#2238));
#403=EDGE_LOOP('',(#2239,#2240,#2241,#2242,#2243));
#404=EDGE_LOOP('',(#2244,#2245,#2246,#2247,#2248));
#405=EDGE_LOOP('',(#2249,#2250,#2251,#2252,#2253,#2254));
#406=EDGE_LOOP('',(#2255,#2256,#2257,#2258,#2259));
#407=EDGE_LOOP('',(#2260,#2261,#2262,#2263));
#408=EDGE_LOOP('',(#2264,#2265,#2266,#2267));
#409=EDGE_LOOP('',(#2268,#2269,#2270,#2271));
#410=EDGE_LOOP('',(#2272,#2273,#2274,#2275,#2276));
#411=EDGE_LOOP('',(#2277,#2278,#2279,#2280));
#412=EDGE_LOOP('',(#2281,#2282,#2283,#2284,#2285));
#413=EDGE_LOOP('',(#2286,#2287,#2288,#2289));
#414=EDGE_LOOP('',(#2290,#2291,#2292,#2293,#2294));
#415=EDGE_LOOP('',(#2295,#2296,#2297,#2298,#2299,#2300));
#416=EDGE_LOOP('',(#2301,#2302,#2303,#2304,#2305,#2306));
#417=EDGE_LOOP('',(#2307,#2308,#2309,#2310));
#418=EDGE_LOOP('',(#2311,#2312,#2313,#2314,#2315,#2316,#2317,#2318));
#419=EDGE_LOOP('',(#2319,#2320,#2321,#2322,#2323,#2324));
#420=EDGE_LOOP('',(#2325,#2326,#2327,#2328,#2329));
#421=EDGE_LOOP('',(#2330,#2331,#2332,#2333,#2334));
#422=EDGE_LOOP('',(#2335,#2336,#2337,#2338,#2339));
#423=EDGE_LOOP('',(#2340,#2341,#2342,#2343,#2344,#2345));
#424=EDGE_LOOP('',(#2346,#2347,#2348,#2349));
#425=EDGE_LOOP('',(#2350,#2351,#2352,#2353));
#426=EDGE_LOOP('',(#2354,#2355,#2356,#2357));
#427=EDGE_LOOP('',(#2358,#2359,#2360,#2361));
#428=EDGE_LOOP('',(#2362,#2363,#2364,#2365));
#429=EDGE_LOOP('',(#2366,#2367,#2368,#2369));
#430=EDGE_LOOP('',(#2370,#2371,#2372,#2373));
#431=EDGE_LOOP('',(#2374,#2375,#2376,#2377,#2378,#2379));
#432=EDGE_LOOP('',(#2380,#2381,#2382));
#433=EDGE_LOOP('',(#2383,#2384,#2385,#2386));
#434=EDGE_LOOP('',(#2387,#2388,#2389,#2390,#2391,#2392,#2393,#2394,#2395));
#435=EDGE_LOOP('',(#2396,#2397,#2398,#2399));
#436=EDGE_LOOP('',(#2400));
#437=EDGE_LOOP('',(#2401));
#438=EDGE_LOOP('',(#2402,#2403,#2404,#2405));
#439=EDGE_LOOP('',(#2406,#2407,#2408,#2409));
#440=EDGE_LOOP('',(#2410,#2411,#2412,#2413));
#441=EDGE_LOOP('',(#2414));
#442=EDGE_LOOP('',(#2415));
#443=EDGE_LOOP('',(#2416,#2417,#2418,#2419));
#444=EDGE_LOOP('',(#2420,#2421,#2422,#2423));
#445=EDGE_LOOP('',(#2424,#2425,#2426,#2427));
#446=EDGE_LOOP('',(#2428));
#447=EDGE_LOOP('',(#2429,#2430,#2431,#2432));
#448=EDGE_LOOP('',(#2433,#2434,#2435,#2436));
#449=EDGE_LOOP('',(#2437));
#450=EDGE_LOOP('',(#2438,#2439,#2440,#2441));
#451=EDGE_LOOP('',(#2442,#2443,#2444,#2445,#2446,#2447));
#452=EDGE_LOOP('',(#2448));
#453=EDGE_LOOP('',(#2449,#2450,#2451,#2452));
#454=EDGE_LOOP('',(#2453,#2454,#2455,#2456));
#455=EDGE_LOOP('',(#2457,#2458,#2459,#2460,#2461,#2462));
#456=EDGE_LOOP('',(#2463));
#457=EDGE_LOOP('',(#2464,#2465,#2466,#2467,#2468,#2469,#2470,#2471));
#458=EDGE_LOOP('',(#2472,#2473,#2474,#2475));
#459=EDGE_LOOP('',(#2476));
#460=EDGE_LOOP('',(#2477,#2478,#2479,#2480));
#461=EDGE_LOOP('',(#2481,#2482,#2483,#2484));
#462=EDGE_LOOP('',(#2485));
#463=EDGE_LOOP('',(#2486,#2487,#2488,#2489));
#464=EDGE_LOOP('',(#2490,#2491,#2492,#2493));
#465=EDGE_LOOP('',(#2494,#2495,#2496,#2497));
#466=EDGE_LOOP('',(#2498,#2499,#2500,#2501));
#467=EDGE_LOOP('',(#2502,#2503,#2504,#2505,#2506,#2507,#2508,#2509,#2510,
#2511));
#468=EDGE_LOOP('',(#2512,#2513,#2514,#2515,#2516,#2517,#2518,#2519,#2520,
#2521,#2522,#2523,#2524,#2525,#2526,#2527,#2528,#2529,#2530,#2531,#2532,
#2533,#2534,#2535,#2536,#2537));
#469=CIRCLE('',#2728,7.10000000000001);
#470=CIRCLE('',#2729,7.10000000000001);
#471=CIRCLE('',#2731,7.10000000000157);
#472=CIRCLE('',#2732,7.10000000000157);
#473=CIRCLE('',#2733,7.10000000000157);
#474=CIRCLE('',#2734,7.10000000000157);
#475=CIRCLE('',#2735,7.10000000000157);
#476=CIRCLE('',#2737,7.875);
#477=CIRCLE('',#2738,7.875);
#478=CIRCLE('',#2740,5.875);
#479=CIRCLE('',#2742,5.875);
#480=CIRCLE('',#2743,5.875);
#481=CIRCLE('',#2750,4.);
#482=CIRCLE('',#2752,4.);
#483=CIRCLE('',#2753,3.99999999999999);
#484=CIRCLE('',#2755,4.);
#485=CIRCLE('',#2757,1.);
#486=CIRCLE('',#2758,0.999999999999996);
#487=CIRCLE('',#2760,4.);
#488=CIRCLE('',#2764,10.);
#489=CIRCLE('',#2765,1.75);
#490=CIRCLE('',#2767,1.);
#491=CIRCLE('',#2769,0.999999999999996);
#492=CIRCLE('',#2791,2.3);
#493=CIRCLE('',#2799,2.3);
#494=CIRCLE('',#2802,10.);
#495=CIRCLE('',#2803,1.75);
#496=CIRCLE('',#2806,10.);
#497=CIRCLE('',#2807,1.75);
#498=CIRCLE('',#2810,1.75);
#499=CIRCLE('',#2814,10.);
#500=CIRCLE('',#2816,26.0000000000018);
#501=CIRCLE('',#2817,26.);
#502=CIRCLE('',#2819,33.1000000000016);
#503=CIRCLE('',#2821,2.99999999999927);
#504=CIRCLE('',#2822,7.10000000000001);
#505=CIRCLE('',#2823,9.10000000000002);
#506=CIRCLE('',#2824,7.1);
#507=CIRCLE('',#2827,2.);
#508=CIRCLE('',#2829,26.);
#509=CIRCLE('',#2830,26.);
#510=CIRCLE('',#2843,1.8);
#511=CIRCLE('',#2845,1.8);
#512=CIRCLE('',#2872,15.5111430743156);
#513=CIRCLE('',#2873,9.10000000000028);
#514=CIRCLE('',#2875,7.1);
#515=CIRCLE('',#2876,9.10000000000002);
#516=CIRCLE('',#2877,7.10000000000001);
#517=CIRCLE('',#2879,9.10000000000028);
#518=CIRCLE('',#2880,15.5111430743156);
#519=CIRCLE('',#2882,7.1);
#520=CIRCLE('',#2887,2.99999999999927);
#521=CIRCLE('',#2892,15.5111430743156);
#522=CIRCLE('',#2894,6.10000000000114);
#523=CIRCLE('',#2896,6.10000000000001);
#524=CIRCLE('',#2898,9.10000000000022);
#525=CIRCLE('',#2899,28.3151822154028);
#526=CIRCLE('',#2900,7.10000000000001);
#527=CIRCLE('',#2902,4.);
#528=CIRCLE('',#2904,2.3);
#529=CIRCLE('',#2906,2.3);
#530=CIRCLE('',#2908,2.3);
#531=CIRCLE('',#2910,4.);
#532=CIRCLE('',#2912,2.3);
#533=CIRCLE('',#2914,2.3);
#534=CIRCLE('',#2916,2.3);
#535=CIRCLE('',#2918,28.3151822154639);
#536=CIRCLE('',#2919,28.3151822154639);
#537=CIRCLE('',#2923,7.10000000000157);
#538=CIRCLE('',#2924,7.10000000000157);
#539=CIRCLE('',#2927,6.10000000000114);
#540=CIRCLE('',#2929,6.10000000000001);
#541=CIRCLE('',#2932,7.10000000000001);
#542=CIRCLE('',#2936,28.3151822154028);
#543=CIRCLE('',#2938,9.10000000000022);
#544=CIRCLE('',#2940,9.09999999999996);
#545=CIRCLE('',#2941,9.09999999999996);
#546=LINE('',#3678,#840);
#547=LINE('',#3682,#841);
#548=LINE('',#3687,#842);
#549=LINE('',#3691,#843);
#550=LINE('',#3695,#844);
#551=LINE('',#3699,#845);
#552=LINE('',#3703,#846);
#553=LINE('',#3709,#847);
#554=LINE('',#3716,#848);
#555=LINE('',#3742,#849);
#556=LINE('',#3744,#850);
#557=LINE('',#3746,#851);
#558=LINE('',#3748,#852);
#559=LINE('',#3750,#853);
#560=LINE('',#3752,#854);
#561=LINE('',#3754,#855);
#562=LINE('',#3756,#856);
#563=LINE('',#3757,#857);
#564=LINE('',#3760,#858);
#565=LINE('',#3762,#859);
#566=LINE('',#3764,#860);
#567=LINE('',#3765,#861);
#568=LINE('',#3769,#862);
#569=LINE('',#3770,#863);
#570=LINE('',#3771,#864);
#571=LINE('',#3774,#865);
#572=LINE('',#3775,#866);
#573=LINE('',#3778,#867);
#574=LINE('',#3779,#868);
#575=LINE('',#3781,#869);
#576=LINE('',#3787,#870);
#577=LINE('',#3797,#871);
#578=LINE('',#3803,#872);
#579=LINE('',#3805,#873);
#580=LINE('',#3809,#874);
#581=LINE('',#3811,#875);
#582=LINE('',#3813,#876);
#583=LINE('',#3815,#877);
#584=LINE('',#3817,#878);
#585=LINE('',#3819,#879);
#586=LINE('',#3820,#880);
#587=LINE('',#3827,#881);
#588=LINE('',#3829,#882);
#589=LINE('',#3831,#883);
#590=LINE('',#3832,#884);
#591=LINE('',#3835,#885);
#592=LINE('',#3839,#886);
#593=LINE('',#3840,#887);
#594=LINE('',#3843,#888);
#595=LINE('',#3845,#889);
#596=LINE('',#3846,#890);
#597=LINE('',#3849,#891);
#598=LINE('',#3852,#892);
#599=LINE('',#3854,#893);
#600=LINE('',#3856,#894);
#601=LINE('',#3858,#895);
#602=LINE('',#3860,#896);
#603=LINE('',#3862,#897);
#604=LINE('',#3864,#898);
#605=LINE('',#3866,#899);
#606=LINE('',#3868,#900);
#607=LINE('',#3870,#901);
#608=LINE('',#3871,#902);
#609=LINE('',#3877,#903);
#610=LINE('',#3881,#904);
#611=LINE('',#3885,#905);
#612=LINE('',#3886,#906);
#613=LINE('',#3887,#907);
#614=LINE('',#3890,#908);
#615=LINE('',#3891,#909);
#616=LINE('',#3894,#910);
#617=LINE('',#3895,#911);
#618=LINE('',#3897,#912);
#619=LINE('',#3901,#913);
#620=LINE('',#3903,#914);
#621=LINE('',#3905,#915);
#622=LINE('',#3906,#916);
#623=LINE('',#3909,#917);
#624=LINE('',#3911,#918);
#625=LINE('',#3912,#919);
#626=LINE('',#3915,#920);
#627=LINE('',#3917,#921);
#628=LINE('',#3918,#922);
#629=LINE('',#3920,#923);
#630=LINE('',#3921,#924);
#631=LINE('',#3925,#925);
#632=LINE('',#3927,#926);
#633=LINE('',#3929,#927);
#634=LINE('',#3930,#928);
#635=LINE('',#3933,#929);
#636=LINE('',#3935,#930);
#637=LINE('',#3936,#931);
#638=LINE('',#3939,#932);
#639=LINE('',#3941,#933);
#640=LINE('',#3942,#934);
#641=LINE('',#3944,#935);
#642=LINE('',#3945,#936);
#643=LINE('',#3950,#937);
#644=LINE('',#3952,#938);
#645=LINE('',#3954,#939);
#646=LINE('',#3955,#940);
#647=LINE('',#3956,#941);
#648=LINE('',#3959,#942);
#649=LINE('',#3961,#943);
#650=LINE('',#3963,#944);
#651=LINE('',#3965,#945);
#652=LINE('',#3967,#946);
#653=LINE('',#3968,#947);
#654=LINE('',#3971,#948);
#655=LINE('',#3973,#949);
#656=LINE('',#3974,#950);
#657=LINE('',#3977,#951);
#658=LINE('',#3978,#952);
#659=LINE('',#3981,#953);
#660=LINE('',#3982,#954);
#661=LINE('',#3985,#955);
#662=LINE('',#3986,#956);
#663=LINE('',#3989,#957);
#664=LINE('',#3990,#958);
#665=LINE('',#3992,#959);
#666=LINE('',#3999,#960);
#667=LINE('',#4001,#961);
#668=LINE('',#4003,#962);
#669=LINE('',#4004,#963);
#670=LINE('',#4007,#964);
#671=LINE('',#4009,#965);
#672=LINE('',#4010,#966);
#673=LINE('',#4013,#967);
#674=LINE('',#4015,#968);
#675=LINE('',#4016,#969);
#676=LINE('',#4019,#970);
#677=LINE('',#4021,#971);
#678=LINE('',#4022,#972);
#679=LINE('',#4025,#973);
#680=LINE('',#4027,#974);
#681=LINE('',#4028,#975);
#682=LINE('',#4030,#976);
#683=LINE('',#4031,#977);
#684=LINE('',#4038,#978);
#685=LINE('',#4040,#979);
#686=LINE('',#4042,#980);
#687=LINE('',#4043,#981);
#688=LINE('',#4048,#982);
#689=LINE('',#4050,#983);
#690=LINE('',#4051,#984);
#691=LINE('',#4056,#985);
#692=LINE('',#4058,#986);
#693=LINE('',#4059,#987);
#694=LINE('',#4063,#988);
#695=LINE('',#4064,#989);
#696=LINE('',#4069,#990);
#697=LINE('',#4071,#991);
#698=LINE('',#4072,#992);
#699=LINE('',#4073,#993);
#700=LINE('',#4076,#994);
#701=LINE('',#4079,#995);
#702=LINE('',#4083,#996);
#703=LINE('',#4089,#997);
#704=LINE('',#4146,#998);
#705=LINE('',#4150,#999);
#706=LINE('',#4154,#1000);
#707=LINE('',#4158,#1001);
#708=LINE('',#4161,#1002);
#709=LINE('',#4163,#1003);
#710=LINE('',#4165,#1004);
#711=LINE('',#4167,#1005);
#712=LINE('',#4169,#1006);
#713=LINE('',#4170,#1007);
#714=LINE('',#4173,#1008);
#715=LINE('',#4180,#1009);
#716=LINE('',#4185,#1010);
#717=LINE('',#4187,#1011);
#718=LINE('',#4188,#1012);
#719=LINE('',#4190,#1013);
#720=LINE('',#4191,#1014);
#721=LINE('',#4194,#1015);
#722=LINE('',#4196,#1016);
#723=LINE('',#4197,#1017);
#724=LINE('',#4199,#1018);
#725=LINE('',#4201,#1019);
#726=LINE('',#4203,#1020);
#727=LINE('',#4205,#1021);
#728=LINE('',#4207,#1022);
#729=LINE('',#4209,#1023);
#730=LINE('',#4211,#1024);
#731=LINE('',#4213,#1025);
#732=LINE('',#4215,#1026);
#733=LINE('',#4217,#1027);
#734=LINE('',#4219,#1028);
#735=LINE('',#4221,#1029);
#736=LINE('',#4223,#1030);
#737=LINE('',#4224,#1031);
#738=LINE('',#4228,#1032);
#739=LINE('',#4229,#1033);
#740=LINE('',#4230,#1034);
#741=LINE('',#4232,#1035);
#742=LINE('',#4235,#1036);
#743=LINE('',#4236,#1037);
#744=LINE('',#4238,#1038);
#745=LINE('',#4241,#1039);
#746=LINE('',#4246,#1040);
#747=LINE('',#4255,#1041);
#748=LINE('',#4257,#1042);
#749=LINE('',#4259,#1043);
#750=LINE('',#4261,#1044);
#751=LINE('',#4262,#1045);
#752=LINE('',#4264,#1046);
#753=LINE('',#4266,#1047);
#754=LINE('',#4270,#1048);
#755=LINE('',#4271,#1049);
#756=LINE('',#4272,#1050);
#757=LINE('',#4276,#1051);
#758=LINE('',#4278,#1052);
#759=LINE('',#4279,#1053);
#760=LINE('',#4280,#1054);
#761=LINE('',#4283,#1055);
#762=LINE('',#4284,#1056);
#763=LINE('',#4287,#1057);
#764=LINE('',#4289,#1058);
#765=LINE('',#4290,#1059);
#766=LINE('',#4292,#1060);
#767=LINE('',#4296,#1061);
#768=LINE('',#4297,#1062);
#769=LINE('',#4299,#1063);
#770=LINE('',#4300,#1064);
#771=LINE('',#4302,#1065);
#772=LINE('',#4304,#1066);
#773=LINE('',#4305,#1067);
#774=LINE('',#4307,#1068);
#775=LINE('',#4311,#1069);
#776=LINE('',#4312,#1070);
#777=LINE('',#4315,#1071);
#778=LINE('',#4317,#1072);
#779=LINE('',#4318,#1073);
#780=LINE('',#4321,#1074);
#781=LINE('',#4323,#1075);
#782=LINE('',#4324,#1076);
#783=LINE('',#4327,#1077);
#784=LINE('',#4329,#1078);
#785=LINE('',#4331,#1079);
#786=LINE('',#4332,#1080);
#787=LINE('',#4334,#1081);
#788=LINE('',#4336,#1082);
#789=LINE('',#4338,#1083);
#790=LINE('',#4340,#1084);
#791=LINE('',#4342,#1085);
#792=LINE('',#4344,#1086);
#793=LINE('',#4346,#1087);
#794=LINE('',#4352,#1088);
#795=LINE('',#4356,#1089);
#796=LINE('',#4362,#1090);
#797=LINE('',#4366,#1091);
#798=LINE('',#4368,#1092);
#799=LINE('',#4373,#1093);
#800=LINE('',#4375,#1094);
#801=LINE('',#4378,#1095);
#802=LINE('',#4380,#1096);
#803=LINE('',#4383,#1097);
#804=LINE('',#4385,#1098);
#805=LINE('',#4386,#1099);
#806=LINE('',#4390,#1100);
#807=LINE('',#4392,#1101);
#808=LINE('',#4394,#1102);
#809=LINE('',#4398,#1103);
#810=LINE('',#4402,#1104);
#811=LINE('',#4405,#1105);
#812=LINE('',#4418,#1106);
#813=LINE('',#4419,#1107);
#814=LINE('',#4425,#1108);
#815=LINE('',#4466,#1109);
#816=LINE('',#4469,#1110);
#817=LINE('',#4475,#1111);
#818=LINE('',#4516,#1112);
#819=LINE('',#4519,#1113);
#820=LINE('',#4526,#1114);
#821=LINE('',#4529,#1115);
#822=LINE('',#4532,#1116);
#823=LINE('',#4534,#1117);
#824=LINE('',#4535,#1118);
#825=LINE('',#4538,#1119);
#826=LINE('',#4540,#1120);
#827=LINE('',#4541,#1121);
#828=LINE('',#4547,#1122);
#829=LINE('',#4548,#1123);
#830=LINE('',#4554,#1124);
#831=LINE('',#4557,#1125);
#832=LINE('',#4558,#1126);
#833=LINE('',#4563,#1127);
#834=LINE('',#4564,#1128);
#835=LINE('',#4567,#1129);
#836=LINE('',#4568,#1130);
#837=LINE('',#4572,#1131);
#838=LINE('',#4576,#1132);
#839=LINE('',#4607,#1133);
#840=VECTOR('',#2948,7.10000000000001);
#841=VECTOR('',#2951,10.);
#842=VECTOR('',#2956,7.10000000000157);
#843=VECTOR('',#2959,10.);
#844=VECTOR('',#2962,10.);
#845=VECTOR('',#2965,10.);
#846=VECTOR('',#2968,10.);
#847=VECTOR('',#2975,7.875);
#848=VECTOR('',#2984,5.875);
#849=VECTOR('',#2991,10.);
#850=VECTOR('',#2992,10.);
#851=VECTOR('',#2993,10.);
#852=VECTOR('',#2994,10.);
#853=VECTOR('',#2995,10.);
#854=VECTOR('',#2996,10.);
#855=VECTOR('',#2997,10.);
#856=VECTOR('',#2998,10.);
#857=VECTOR('',#2999,10.);
#858=VECTOR('',#3000,10.);
#859=VECTOR('',#3001,10.);
#860=VECTOR('',#3002,10.);
#861=VECTOR('',#3003,10.);
#862=VECTOR('',#3006,10.);
#863=VECTOR('',#3007,10.);
#864=VECTOR('',#3008,10.);
#865=VECTOR('',#3011,10.);
#866=VECTOR('',#3012,10.);
#867=VECTOR('',#3015,10.);
#868=VECTOR('',#3016,10.);
#869=VECTOR('',#3019,10.);
#870=VECTOR('',#3024,10.);
#871=VECTOR('',#3025,10.);
#872=VECTOR('',#3030,10.);
#873=VECTOR('',#3033,10.);
#874=VECTOR('',#3040,10.);
#875=VECTOR('',#3041,10.);
#876=VECTOR('',#3042,10.);
#877=VECTOR('',#3043,10.);
#878=VECTOR('',#3044,10.);
#879=VECTOR('',#3045,10.);
#880=VECTOR('',#3046,10.);
#881=VECTOR('',#3051,10.);
#882=VECTOR('',#3052,10.);
#883=VECTOR('',#3053,10.);
#884=VECTOR('',#3054,10.);
#885=VECTOR('',#3057,10.);
#886=VECTOR('',#3062,10.);
#887=VECTOR('',#3063,10.);
#888=VECTOR('',#3066,10.);
#889=VECTOR('',#3067,10.);
#890=VECTOR('',#3068,10.);
#891=VECTOR('',#3071,10.);
#892=VECTOR('',#3074,10.);
#893=VECTOR('',#3075,10.);
#894=VECTOR('',#3076,10.);
#895=VECTOR('',#3077,10.);
#896=VECTOR('',#3078,10.);
#897=VECTOR('',#3079,10.);
#898=VECTOR('',#3080,10.);
#899=VECTOR('',#3081,10.);
#900=VECTOR('',#3082,10.);
#901=VECTOR('',#3083,10.);
#902=VECTOR('',#3084,10.);
#903=VECTOR('',#3091,1.);
#904=VECTOR('',#3096,0.999999999999996);
#905=VECTOR('',#3099,10.);
#906=VECTOR('',#3100,10.);
#907=VECTOR('',#3101,10.);
#908=VECTOR('',#3104,10.);
#909=VECTOR('',#3105,10.);
#910=VECTOR('',#3108,10.);
#911=VECTOR('',#3109,10.);
#912=VECTOR('',#3112,10.);
#913=VECTOR('',#3115,10.);
#914=VECTOR('',#3116,10.);
#915=VECTOR('',#3117,10.);
#916=VECTOR('',#3118,10.);
#917=VECTOR('',#3121,10.);
#918=VECTOR('',#3122,10.);
#919=VECTOR('',#3123,10.);
#920=VECTOR('',#3126,10.);
#921=VECTOR('',#3127,10.);
#922=VECTOR('',#3128,10.);
#923=VECTOR('',#3131,10.);
#924=VECTOR('',#3132,10.);
#925=VECTOR('',#3135,10.);
#926=VECTOR('',#3136,10.);
#927=VECTOR('',#3137,10.);
#928=VECTOR('',#3138,10.);
#929=VECTOR('',#3141,10.);
#930=VECTOR('',#3142,10.);
#931=VECTOR('',#3143,10.);
#932=VECTOR('',#3146,10.);
#933=VECTOR('',#3147,10.);
#934=VECTOR('',#3148,10.);
#935=VECTOR('',#3151,10.);
#936=VECTOR('',#3152,10.);
#937=VECTOR('',#3157,10.);
#938=VECTOR('',#3158,10.);
#939=VECTOR('',#3159,10.);
#940=VECTOR('',#3160,10.);
#941=VECTOR('',#3161,10.);
#942=VECTOR('',#3162,10.);
#943=VECTOR('',#3163,10.);
#944=VECTOR('',#3164,10.);
#945=VECTOR('',#3165,10.);
#946=VECTOR('',#3166,10.);
#947=VECTOR('',#3167,10.);
#948=VECTOR('',#3170,10.);
#949=VECTOR('',#3171,10.);
#950=VECTOR('',#3172,10.);
#951=VECTOR('',#3175,10.);
#952=VECTOR('',#3176,10.);
#953=VECTOR('',#3179,10.);
#954=VECTOR('',#3180,10.);
#955=VECTOR('',#3183,10.);
#956=VECTOR('',#3184,10.);
#957=VECTOR('',#3187,10.);
#958=VECTOR('',#3188,10.);
#959=VECTOR('',#3191,10.);
#960=VECTOR('',#3198,10.);
#961=VECTOR('',#3199,10.);
#962=VECTOR('',#3200,10.);
#963=VECTOR('',#3201,10.);
#964=VECTOR('',#3204,10.);
#965=VECTOR('',#3205,10.);
#966=VECTOR('',#3206,10.);
#967=VECTOR('',#3209,10.);
#968=VECTOR('',#3210,10.);
#969=VECTOR('',#3211,10.);
#970=VECTOR('',#3214,10.);
#971=VECTOR('',#3215,10.);
#972=VECTOR('',#3216,10.);
#973=VECTOR('',#3219,10.);
#974=VECTOR('',#3220,10.);
#975=VECTOR('',#3221,10.);
#976=VECTOR('',#3224,10.);
#977=VECTOR('',#3225,10.);
#978=VECTOR('',#3232,10.);
#979=VECTOR('',#3233,10.);
#980=VECTOR('',#3234,10.);
#981=VECTOR('',#3235,10.);
#982=VECTOR('',#3240,10.);
#983=VECTOR('',#3241,10.);
#984=VECTOR('',#3242,10.);
#985=VECTOR('',#3247,10.);
#986=VECTOR('',#3248,10.);
#987=VECTOR('',#3249,10.);
#988=VECTOR('',#3254,10.);
#989=VECTOR('',#3255,10.);
#990=VECTOR('',#3260,10.);
#991=VECTOR('',#3261,10.);
#992=VECTOR('',#3262,10.);
#993=VECTOR('',#3263,10.);
#994=VECTOR('',#3266,1.75);
#995=VECTOR('',#3271,1.75);
#996=VECTOR('',#3276,10.);
#997=VECTOR('',#3283,10.);
#998=VECTOR('',#3292,10.);
#999=VECTOR('',#3295,10.);
#1000=VECTOR('',#3298,10.);
#1001=VECTOR('',#3303,10.);
#1002=VECTOR('',#3306,10.);
#1003=VECTOR('',#3307,10.);
#1004=VECTOR('',#3308,10.);
#1005=VECTOR('',#3309,10.);
#1006=VECTOR('',#3310,10.);
#1007=VECTOR('',#3311,10.);
#1008=VECTOR('',#3314,10.);
#1009=VECTOR('',#3323,10.);
#1010=VECTOR('',#3328,10.);
#1011=VECTOR('',#3329,10.);
#1012=VECTOR('',#3330,10.);
#1013=VECTOR('',#3331,10.);
#1014=VECTOR('',#3332,10.);
#1015=VECTOR('',#3335,10.);
#1016=VECTOR('',#3336,10.);
#1017=VECTOR('',#3337,10.);
#1018=VECTOR('',#3340,10.);
#1019=VECTOR('',#3341,10.);
#1020=VECTOR('',#3342,10.);
#1021=VECTOR('',#3343,10.);
#1022=VECTOR('',#3344,10.);
#1023=VECTOR('',#3345,10.);
#1024=VECTOR('',#3346,10.);
#1025=VECTOR('',#3347,10.);
#1026=VECTOR('',#3348,10.);
#1027=VECTOR('',#3349,10.);
#1028=VECTOR('',#3350,10.);
#1029=VECTOR('',#3351,10.);
#1030=VECTOR('',#3352,10.);
#1031=VECTOR('',#3353,10.);
#1032=VECTOR('',#3356,10.);
#1033=VECTOR('',#3357,10.);
#1034=VECTOR('',#3358,10.);
#1035=VECTOR('',#3361,10.);
#1036=VECTOR('',#3364,10.);
#1037=VECTOR('',#3365,10.);
#1038=VECTOR('',#3368,10.);
#1039=VECTOR('',#3373,10.);
#1040=VECTOR('',#3380,1.8);
#1041=VECTOR('',#3391,10.);
#1042=VECTOR('',#3392,10.);
#1043=VECTOR('',#3393,10.);
#1044=VECTOR('',#3394,10.);
#1045=VECTOR('',#3395,10.);
#1046=VECTOR('',#3398,10.);
#1047=VECTOR('',#3401,10.);
#1048=VECTOR('',#3404,10.);
#1049=VECTOR('',#3405,10.);
#1050=VECTOR('',#3406,10.);
#1051=VECTOR('',#3409,10.);
#1052=VECTOR('',#3410,10.);
#1053=VECTOR('',#3411,10.);
#1054=VECTOR('',#3412,10.);
#1055=VECTOR('',#3415,10.);
#1056=VECTOR('',#3416,10.);
#1057=VECTOR('',#3419,10.);
#1058=VECTOR('',#3420,10.);
#1059=VECTOR('',#3421,10.);
#1060=VECTOR('',#3424,10.);
#1061=VECTOR('',#3427,10.);
#1062=VECTOR('',#3428,10.);
#1063=VECTOR('',#3429,10.);
#1064=VECTOR('',#3430,10.);
#1065=VECTOR('',#3433,10.);
#1066=VECTOR('',#3434,10.);
#1067=VECTOR('',#3435,10.);
#1068=VECTOR('',#3438,10.);
#1069=VECTOR('',#3443,10.);
#1070=VECTOR('',#3444,10.);
#1071=VECTOR('',#3447,10.);
#1072=VECTOR('',#3448,10.);
#1073=VECTOR('',#3449,10.);
#1074=VECTOR('',#3452,10.);
#1075=VECTOR('',#3453,10.);
#1076=VECTOR('',#3454,10.);
#1077=VECTOR('',#3457,10.);
#1078=VECTOR('',#3458,10.);
#1079=VECTOR('',#3459,10.);
#1080=VECTOR('',#3460,10.);
#1081=VECTOR('',#3463,10.);
#1082=VECTOR('',#3466,10.);
#1083=VECTOR('',#3469,10.);
#1084=VECTOR('',#3472,10.);
#1085=VECTOR('',#3475,10.);
#1086=VECTOR('',#3478,10.);
#1087=VECTOR('',#3481,10.);
#1088=VECTOR('',#3488,10.);
#1089=VECTOR('',#3491,10.);
#1090=VECTOR('',#3496,10.);
#1091=VECTOR('',#3501,10.);
#1092=VECTOR('',#3502,10.);
#1093=VECTOR('',#3509,10.);
#1094=VECTOR('',#3510,10.);
#1095=VECTOR('',#3515,10.);
#1096=VECTOR('',#3518,10.);
#1097=VECTOR('',#3521,10.);
#1098=VECTOR('',#3522,10.);
#1099=VECTOR('',#3523,10.);
#1100=VECTOR('',#3530,10.);
#1101=VECTOR('',#3533,10.);
#1102=VECTOR('',#3536,10.);
#1103=VECTOR('',#3541,10.);
#1104=VECTOR('',#3546,10.);
#1105=VECTOR('',#3549,10.);
#1106=VECTOR('',#3558,10.);
#1107=VECTOR('',#3559,10.);
#1108=VECTOR('',#3566,4.);
#1109=VECTOR('',#3575,2.3);
#1110=VECTOR('',#3578,2.3);
#1111=VECTOR('',#3585,4.);
#1112=VECTOR('',#3594,2.3);
#1113=VECTOR('',#3597,2.3);
#1114=VECTOR('',#3604,10.);
#1115=VECTOR('',#3607,10.);
#1116=VECTOR('',#3610,10.);
#1117=VECTOR('',#3611,10.);
#1118=VECTOR('',#3612,10.);
#1119=VECTOR('',#3615,10.);
#1120=VECTOR('',#3616,10.);
#1121=VECTOR('',#3617,10.);
#1122=VECTOR('',#3626,10.);
#1123=VECTOR('',#3627,10.);
#1124=VECTOR('',#3636,10.);
#1125=VECTOR('',#3639,10.);
#1126=VECTOR('',#3640,10.);
#1127=VECTOR('',#3647,10.);
#1128=VECTOR('',#3648,10.);
#1129=VECTOR('',#3651,10.);
#1130=VECTOR('',#3652,10.);
#1131=VECTOR('',#3657,10.);
#1132=VECTOR('',#3662,10.);
#1133=VECTOR('',#3663,10.);
#1134=VERTEX_POINT('',#3676);
#1135=VERTEX_POINT('',#3677);
#1136=VERTEX_POINT('',#3679);
#1137=VERTEX_POINT('',#3681);
#1138=VERTEX_POINT('',#3685);
#1139=VERTEX_POINT('',#3686);
#1140=VERTEX_POINT('',#3688);
#1141=VERTEX_POINT('',#3690);
#1142=VERTEX_POINT('',#3692);
#1143=VERTEX_POINT('',#3694);
#1144=VERTEX_POINT('',#3696);
#1145=VERTEX_POINT('',#3698);
#1146=VERTEX_POINT('',#3700);
#1147=VERTEX_POINT('',#3702);
#1148=VERTEX_POINT('',#3706);
#1149=VERTEX_POINT('',#3708);
#1150=VERTEX_POINT('',#3712);
#1151=VERTEX_POINT('',#3715);
#1152=VERTEX_POINT('',#3717);
#1153=VERTEX_POINT('',#3719);
#1154=VERTEX_POINT('',#3741);
#1155=VERTEX_POINT('',#3743);
#1156=VERTEX_POINT('',#3745);
#1157=VERTEX_POINT('',#3747);
#1158=VERTEX_POINT('',#3749);
#1159=VERTEX_POINT('',#3751);
#1160=VERTEX_POINT('',#3753);
#1161=VERTEX_POINT('',#3755);
#1162=VERTEX_POINT('',#3758);
#1163=VERTEX_POINT('',#3759);
#1164=VERTEX_POINT('',#3761);
#1165=VERTEX_POINT('',#3763);
#1166=VERTEX_POINT('',#3767);
#1167=VERTEX_POINT('',#3768);
#1168=VERTEX_POINT('',#3773);
#1169=VERTEX_POINT('',#3777);
#1170=VERTEX_POINT('',#3783);
#1171=VERTEX_POINT('',#3784);
#1172=VERTEX_POINT('',#3786);
#1173=VERTEX_POINT('',#3788);
#1174=VERTEX_POINT('',#3799);
#1175=VERTEX_POINT('',#3800);
#1176=VERTEX_POINT('',#3802);
#1177=VERTEX_POINT('',#3810);
#1178=VERTEX_POINT('',#3812);
#1179=VERTEX_POINT('',#3814);
#1180=VERTEX_POINT('',#3816);
#1181=VERTEX_POINT('',#3818);
#1182=VERTEX_POINT('',#3821);
#1183=VERTEX_POINT('',#3823);
#1184=VERTEX_POINT('',#3825);
#1185=VERTEX_POINT('',#3826);
#1186=VERTEX_POINT('',#3828);
#1187=VERTEX_POINT('',#3830);
#1188=VERTEX_POINT('',#3834);
#1189=VERTEX_POINT('',#3838);
#1190=VERTEX_POINT('',#3842);
#1191=VERTEX_POINT('',#3844);
#1192=VERTEX_POINT('',#3848);
#1193=VERTEX_POINT('',#3851);
#1194=VERTEX_POINT('',#3853);
#1195=VERTEX_POINT('',#3855);
#1196=VERTEX_POINT('',#3857);
#1197=VERTEX_POINT('',#3859);
#1198=VERTEX_POINT('',#3861);
#1199=VERTEX_POINT('',#3863);
#1200=VERTEX_POINT('',#3865);
#1201=VERTEX_POINT('',#3867);
#1202=VERTEX_POINT('',#3869);
#1203=VERTEX_POINT('',#3872);
#1204=VERTEX_POINT('',#3875);
#1205=VERTEX_POINT('',#3879);
#1206=VERTEX_POINT('',#3883);
#1207=VERTEX_POINT('',#3884);
#1208=VERTEX_POINT('',#3889);
#1209=VERTEX_POINT('',#3893);
#1210=VERTEX_POINT('',#3899);
#1211=VERTEX_POINT('',#3900);
#1212=VERTEX_POINT('',#3902);
#1213=VERTEX_POINT('',#3904);
#1214=VERTEX_POINT('',#3908);
#1215=VERTEX_POINT('',#3910);
#1216=VERTEX_POINT('',#3914);
#1217=VERTEX_POINT('',#3916);
#1218=VERTEX_POINT('',#3923);
#1219=VERTEX_POINT('',#3924);
#1220=VERTEX_POINT('',#3926);
#1221=VERTEX_POINT('',#3928);
#1222=VERTEX_POINT('',#3932);
#1223=VERTEX_POINT('',#3934);
#1224=VERTEX_POINT('',#3938);
#1225=VERTEX_POINT('',#3940);
#1226=VERTEX_POINT('',#3948);
#1227=VERTEX_POINT('',#3949);
#1228=VERTEX_POINT('',#3951);
#1229=VERTEX_POINT('',#3953);
#1230=VERTEX_POINT('',#3957);
#1231=VERTEX_POINT('',#3958);
#1232=VERTEX_POINT('',#3960);
#1233=VERTEX_POINT('',#3962);
#1234=VERTEX_POINT('',#3964);
#1235=VERTEX_POINT('',#3966);
#1236=VERTEX_POINT('',#3970);
#1237=VERTEX_POINT('',#3972);
#1238=VERTEX_POINT('',#3976);
#1239=VERTEX_POINT('',#3980);
#1240=VERTEX_POINT('',#3984);
#1241=VERTEX_POINT('',#3988);
#1242=VERTEX_POINT('',#3994);
#1243=VERTEX_POINT('',#3997);
#1244=VERTEX_POINT('',#3998);
#1245=VERTEX_POINT('',#4000);
#1246=VERTEX_POINT('',#4002);
#1247=VERTEX_POINT('',#4006);
#1248=VERTEX_POINT('',#4008);
#1249=VERTEX_POINT('',#4012);
#1250=VERTEX_POINT('',#4014);
#1251=VERTEX_POINT('',#4018);
#1252=VERTEX_POINT('',#4020);
#1253=VERTEX_POINT('',#4024);
#1254=VERTEX_POINT('',#4026);
#1255=VERTEX_POINT('',#4033);
#1256=VERTEX_POINT('',#4036);
#1257=VERTEX_POINT('',#4037);
#1258=VERTEX_POINT('',#4039);
#1259=VERTEX_POINT('',#4041);
#1260=VERTEX_POINT('',#4045);
#1261=VERTEX_POINT('',#4047);
#1262=VERTEX_POINT('',#4049);
#1263=VERTEX_POINT('',#4052);
#1264=VERTEX_POINT('',#4055);
#1265=VERTEX_POINT('',#4057);
#1266=VERTEX_POINT('',#4062);
#1267=VERTEX_POINT('',#4065);
#1268=VERTEX_POINT('',#4068);
#1269=VERTEX_POINT('',#4070);
#1270=VERTEX_POINT('',#4075);
#1271=VERTEX_POINT('',#4082);
#1272=VERTEX_POINT('',#4086);
#1273=VERTEX_POINT('',#4088);
#1274=VERTEX_POINT('',#4092);
#1275=VERTEX_POINT('',#4093);
#1276=VERTEX_POINT('',#4109);
#1277=VERTEX_POINT('',#4145);
#1278=VERTEX_POINT('',#4147);
#1279=VERTEX_POINT('',#4149);
#1280=VERTEX_POINT('',#4151);
#1281=VERTEX_POINT('',#4153);
#1282=VERTEX_POINT('',#4155);
#1283=VERTEX_POINT('',#4160);
#1284=VERTEX_POINT('',#4162);
#1285=VERTEX_POINT('',#4164);
#1286=VERTEX_POINT('',#4166);
#1287=VERTEX_POINT('',#4168);
#1288=VERTEX_POINT('',#4172);
#1289=VERTEX_POINT('',#4176);
#1290=VERTEX_POINT('',#4178);
#1291=VERTEX_POINT('',#4183);
#1292=VERTEX_POINT('',#4184);
#1293=VERTEX_POINT('',#4186);
#1294=VERTEX_POINT('',#4189);
#1295=VERTEX_POINT('',#4193);
#1296=VERTEX_POINT('',#4195);
#1297=VERTEX_POINT('',#4200);
#1298=VERTEX_POINT('',#4202);
#1299=VERTEX_POINT('',#4204);
#1300=VERTEX_POINT('',#4206);
#1301=VERTEX_POINT('',#4208);
#1302=VERTEX_POINT('',#4210);
#1303=VERTEX_POINT('',#4212);
#1304=VERTEX_POINT('',#4214);
#1305=VERTEX_POINT('',#4216);
#1306=VERTEX_POINT('',#4218);
#1307=VERTEX_POINT('',#4220);
#1308=VERTEX_POINT('',#4222);
#1309=VERTEX_POINT('',#4226);
#1310=VERTEX_POINT('',#4227);
#1311=VERTEX_POINT('',#4234);
#1312=VERTEX_POINT('',#4244);
#1313=VERTEX_POINT('',#4247);
#1314=VERTEX_POINT('',#4249);
#1315=VERTEX_POINT('',#4254);
#1316=VERTEX_POINT('',#4256);
#1317=VERTEX_POINT('',#4258);
#1318=VERTEX_POINT('',#4260);
#1319=VERTEX_POINT('',#4268);
#1320=VERTEX_POINT('',#4269);
#1321=VERTEX_POINT('',#4274);
#1322=VERTEX_POINT('',#4275);
#1323=VERTEX_POINT('',#4277);
#1324=VERTEX_POINT('',#4282);
#1325=VERTEX_POINT('',#4286);
#1326=VERTEX_POINT('',#4288);
#1327=VERTEX_POINT('',#4294);
#1328=VERTEX_POINT('',#4295);
#1329=VERTEX_POINT('',#4298);
#1330=VERTEX_POINT('',#4303);
#1331=VERTEX_POINT('',#4310);
#1332=VERTEX_POINT('',#4314);
#1333=VERTEX_POINT('',#4316);
#1334=VERTEX_POINT('',#4320);
#1335=VERTEX_POINT('',#4322);
#1336=VERTEX_POINT('',#4326);
#1337=VERTEX_POINT('',#4328);
#1338=VERTEX_POINT('',#4330);
#1339=VERTEX_POINT('',#4348);
#1340=VERTEX_POINT('',#4350);
#1341=VERTEX_POINT('',#4354);
#1342=VERTEX_POINT('',#4355);
#1343=VERTEX_POINT('',#4357);
#1344=VERTEX_POINT('',#4359);
#1345=VERTEX_POINT('',#4361);
#1346=VERTEX_POINT('',#4365);
#1347=VERTEX_POINT('',#4367);
#1348=VERTEX_POINT('',#4369);
#1349=VERTEX_POINT('',#4374);
#1350=VERTEX_POINT('',#4382);
#1351=VERTEX_POINT('',#4384);
#1352=VERTEX_POINT('',#4396);
#1353=VERTEX_POINT('',#4400);
#1354=VERTEX_POINT('',#4404);
#1355=VERTEX_POINT('',#4408);
#1356=VERTEX_POINT('',#4413);
#1357=VERTEX_POINT('',#4415);
#1358=VERTEX_POINT('',#4417);
#1359=VERTEX_POINT('',#4422);
#1360=VERTEX_POINT('',#4424);
#1361=VERTEX_POINT('',#4461);
#1362=VERTEX_POINT('',#4464);
#1363=VERTEX_POINT('',#4468);
#1364=VERTEX_POINT('',#4472);
#1365=VERTEX_POINT('',#4474);
#1366=VERTEX_POINT('',#4511);
#1367=VERTEX_POINT('',#4514);
#1368=VERTEX_POINT('',#4518);
#1369=VERTEX_POINT('',#4522);
#1370=VERTEX_POINT('',#4523);
#1371=VERTEX_POINT('',#4525);
#1372=VERTEX_POINT('',#4527);
#1373=VERTEX_POINT('',#4531);
#1374=VERTEX_POINT('',#4533);
#1375=VERTEX_POINT('',#4537);
#1376=VERTEX_POINT('',#4539);
#1377=VERTEX_POINT('',#4546);
#1378=VERTEX_POINT('',#4552);
#1379=VERTEX_POINT('',#4556);
#1380=VERTEX_POINT('',#4562);
#1381=VERTEX_POINT('',#4566);
#1382=VERTEX_POINT('',#4570);
#1383=VERTEX_POINT('',#4574);
#1384=VERTEX_POINT('',#4597);
#1385=VERTEX_POINT('',#4602);
#1386=EDGE_CURVE('',#1134,#1135,#546,.T.);
#1387=EDGE_CURVE('',#1136,#1134,#469,.T.);
#1388=EDGE_CURVE('',#1137,#1136,#547,.T.);
#1389=EDGE_CURVE('',#1135,#1137,#470,.T.);
#1390=EDGE_CURVE('',#1138,#1139,#548,.T.);
#1391=EDGE_CURVE('',#1140,#1138,#471,.T.);
#1392=EDGE_CURVE('',#1140,#1141,#549,.T.);
#1393=EDGE_CURVE('',#1142,#1141,#472,.T.);
#1394=EDGE_CURVE('',#1143,#1142,#550,.T.);
#1395=EDGE_CURVE('',#1144,#1143,#473,.T.);
#1396=EDGE_CURVE('',#1145,#1144,#551,.T.);
#1397=EDGE_CURVE('',#1146,#1145,#474,.T.);
#1398=EDGE_CURVE('',#1147,#1146,#552,.T.);
#1399=EDGE_CURVE('',#1139,#1147,#475,.T.);
#1400=EDGE_CURVE('',#1148,#1148,#476,.T.);
#1401=EDGE_CURVE('',#1148,#1149,#553,.T.);
#1402=EDGE_CURVE('',#1149,#1149,#477,.T.);
#1403=EDGE_CURVE('',#1150,#1150,#478,.T.);
#1404=EDGE_CURVE('',#1150,#1151,#554,.T.);
#1405=EDGE_CURVE('',#1152,#1151,#479,.T.);
#1406=EDGE_CURVE('',#1153,#1152,#25,.T.);
#1407=EDGE_CURVE('',#1151,#1153,#480,.T.);
#1408=EDGE_CURVE('',#1154,#1153,#555,.T.);
#1409=EDGE_CURVE('',#1154,#1155,#556,.T.);
#1410=EDGE_CURVE('',#1156,#1155,#557,.T.);
#1411=EDGE_CURVE('',#1156,#1157,#558,.T.);
#1412=EDGE_CURVE('',#1158,#1157,#559,.T.);
#1413=EDGE_CURVE('',#1159,#1158,#560,.T.);
#1414=EDGE_CURVE('',#1160,#1159,#561,.T.);
#1415=EDGE_CURVE('',#1161,#1160,#562,.T.);
#1416=EDGE_CURVE('',#1152,#1161,#563,.T.);
#1417=EDGE_CURVE('',#1162,#1163,#564,.T.);
#1418=EDGE_CURVE('',#1163,#1164,#565,.T.);
#1419=EDGE_CURVE('',#1164,#1165,#566,.T.);
#1420=EDGE_CURVE('',#1165,#1162,#567,.T.);
#1421=EDGE_CURVE('',#1166,#1167,#568,.T.);
#1422=EDGE_CURVE('',#1166,#1163,#569,.T.);
#1423=EDGE_CURVE('',#1167,#1162,#570,.T.);
#1424=EDGE_CURVE('',#1168,#1166,#571,.T.);
#1425=EDGE_CURVE('',#1168,#1164,#572,.T.);
#1426=EDGE_CURVE('',#1169,#1168,#573,.T.);
#1427=EDGE_CURVE('',#1169,#1165,#574,.T.);
#1428=EDGE_CURVE('',#1167,#1169,#575,.T.);
#1429=EDGE_CURVE('',#1170,#1171,#481,.T.);
#1430=EDGE_CURVE('',#1171,#1172,#576,.T.);
#1431=EDGE_CURVE('',#1172,#1173,#26,.F.);
#1432=EDGE_CURVE('',#1173,#1170,#577,.T.);
#1433=EDGE_CURVE('',#1174,#1175,#482,.T.);
#1434=EDGE_CURVE('',#1175,#1176,#578,.T.);
#1435=EDGE_CURVE('',#1176,#1170,#483,.T.);
#1436=EDGE_CURVE('',#1170,#1174,#579,.T.);
#1437=EDGE_CURVE('',#1176,#1171,#484,.T.);
#1438=EDGE_CURVE('',#1172,#1142,#580,.T.);
#1439=EDGE_CURVE('',#1177,#1171,#581,.T.);
#1440=EDGE_CURVE('',#1178,#1177,#582,.T.);
#1441=EDGE_CURVE('',#1179,#1178,#583,.T.);
#1442=EDGE_CURVE('',#1179,#1180,#584,.T.);
#1443=EDGE_CURVE('',#1180,#1181,#585,.T.);
#1444=EDGE_CURVE('',#1143,#1181,#586,.T.);
#1445=EDGE_CURVE('',#1182,#1182,#485,.T.);
#1446=EDGE_CURVE('',#1183,#1183,#486,.T.);
#1447=EDGE_CURVE('',#1184,#1185,#587,.T.);
#1448=EDGE_CURVE('',#1185,#1186,#588,.T.);
#1449=EDGE_CURVE('',#1186,#1187,#589,.T.);
#1450=EDGE_CURVE('',#1187,#1184,#590,.T.);
#1451=EDGE_CURVE('',#1176,#1188,#591,.T.);
#1452=EDGE_CURVE('',#1188,#1177,#487,.T.);
#1453=EDGE_CURVE('',#1175,#1189,#592,.T.);
#1454=EDGE_CURVE('',#1188,#1189,#593,.T.);
#1455=EDGE_CURVE('',#1174,#1190,#594,.T.);
#1456=EDGE_CURVE('',#1190,#1191,#595,.T.);
#1457=EDGE_CURVE('',#1189,#1191,#596,.T.);
#1458=EDGE_CURVE('',#1191,#1192,#597,.T.);
#1459=EDGE_CURVE('',#1161,#1192,#488,.T.);
#1460=EDGE_CURVE('',#1160,#1193,#598,.T.);
#1461=EDGE_CURVE('',#1193,#1194,#599,.T.);
#1462=EDGE_CURVE('',#1194,#1195,#600,.T.);
#1463=EDGE_CURVE('',#1195,#1196,#601,.T.);
#1464=EDGE_CURVE('',#1196,#1197,#602,.T.);
#1465=EDGE_CURVE('',#1197,#1198,#603,.T.);
#1466=EDGE_CURVE('',#1198,#1199,#604,.T.);
#1467=EDGE_CURVE('',#1199,#1200,#605,.T.);
#1468=EDGE_CURVE('',#1200,#1201,#606,.T.);
#1469=EDGE_CURVE('',#1201,#1202,#607,.T.);
#1470=EDGE_CURVE('',#1202,#1178,#608,.T.);
#1471=EDGE_CURVE('',#1203,#1203,#489,.T.);
#1472=EDGE_CURVE('',#1204,#1204,#490,.T.);
#1473=EDGE_CURVE('',#1204,#1182,#609,.T.);
#1474=EDGE_CURVE('',#1205,#1205,#491,.T.);
#1475=EDGE_CURVE('',#1205,#1183,#610,.T.);
#1476=EDGE_CURVE('',#1206,#1207,#611,.T.);
#1477=EDGE_CURVE('',#1206,#1185,#612,.T.);
#1478=EDGE_CURVE('',#1207,#1184,#613,.T.);
#1479=EDGE_CURVE('',#1208,#1206,#614,.T.);
#1480=EDGE_CURVE('',#1208,#1186,#615,.T.);
#1481=EDGE_CURVE('',#1209,#1208,#616,.T.);
#1482=EDGE_CURVE('',#1209,#1187,#617,.T.);
#1483=EDGE_CURVE('',#1207,#1209,#618,.T.);
#1484=EDGE_CURVE('',#1210,#1211,#619,.T.);
#1485=EDGE_CURVE('',#1210,#1212,#620,.T.);
#1486=EDGE_CURVE('',#1213,#1212,#621,.T.);
#1487=EDGE_CURVE('',#1211,#1213,#622,.T.);
#1488=EDGE_CURVE('',#1211,#1214,#623,.T.);
#1489=EDGE_CURVE('',#1215,#1213,#624,.T.);
#1490=EDGE_CURVE('',#1214,#1215,#625,.T.);
#1491=EDGE_CURVE('',#1214,#1216,#626,.T.);
#1492=EDGE_CURVE('',#1217,#1215,#627,.T.);
#1493=EDGE_CURVE('',#1216,#1217,#628,.T.);
#1494=EDGE_CURVE('',#1216,#1210,#629,.T.);
#1495=EDGE_CURVE('',#1212,#1217,#630,.T.);
#1496=EDGE_CURVE('',#1218,#1219,#631,.T.);
#1497=EDGE_CURVE('',#1218,#1220,#632,.T.);
#1498=EDGE_CURVE('',#1221,#1220,#633,.T.);
#1499=EDGE_CURVE('',#1219,#1221,#634,.T.);
#1500=EDGE_CURVE('',#1219,#1222,#635,.T.);
#1501=EDGE_CURVE('',#1223,#1221,#636,.T.);
#1502=EDGE_CURVE('',#1222,#1223,#637,.T.);
#1503=EDGE_CURVE('',#1222,#1224,#638,.T.);
#1504=EDGE_CURVE('',#1225,#1223,#639,.T.);
#1505=EDGE_CURVE('',#1224,#1225,#640,.T.);
#1506=EDGE_CURVE('',#1224,#1218,#641,.T.);
#1507=EDGE_CURVE('',#1220,#1225,#642,.T.);
#1508=EDGE_CURVE('',#1226,#1227,#643,.T.);
#1509=EDGE_CURVE('',#1228,#1227,#644,.T.);
#1510=EDGE_CURVE('',#1229,#1228,#645,.T.);
#1511=EDGE_CURVE('',#1229,#1200,#646,.T.);
#1512=EDGE_CURVE('',#1226,#1199,#647,.T.);
#1513=EDGE_CURVE('',#1230,#1231,#648,.T.);
#1514=EDGE_CURVE('',#1231,#1232,#649,.T.);
#1515=EDGE_CURVE('',#1232,#1233,#650,.T.);
#1516=EDGE_CURVE('',#1233,#1234,#651,.T.);
#1517=EDGE_CURVE('',#1234,#1235,#652,.T.);
#1518=EDGE_CURVE('',#1235,#1230,#653,.T.);
#1519=EDGE_CURVE('',#1230,#1236,#654,.T.);
#1520=EDGE_CURVE('',#1236,#1237,#655,.T.);
#1521=EDGE_CURVE('',#1231,#1237,#656,.T.);
#1522=EDGE_CURVE('',#1235,#1238,#657,.T.);
#1523=EDGE_CURVE('',#1238,#1236,#658,.T.);
#1524=EDGE_CURVE('',#1234,#1239,#659,.T.);
#1525=EDGE_CURVE('',#1239,#1238,#660,.T.);
#1526=EDGE_CURVE('',#1233,#1240,#661,.T.);
#1527=EDGE_CURVE('',#1240,#1239,#662,.T.);
#1528=EDGE_CURVE('',#1232,#1241,#663,.T.);
#1529=EDGE_CURVE('',#1241,#1240,#664,.T.);
#1530=EDGE_CURVE('',#1237,#1241,#665,.T.);
#1531=EDGE_CURVE('',#1242,#1242,#492,.T.);
#1532=EDGE_CURVE('',#1243,#1244,#666,.T.);
#1533=EDGE_CURVE('',#1243,#1245,#667,.T.);
#1534=EDGE_CURVE('',#1245,#1246,#668,.T.);
#1535=EDGE_CURVE('',#1244,#1246,#669,.T.);
#1536=EDGE_CURVE('',#1247,#1243,#670,.T.);
#1537=EDGE_CURVE('',#1247,#1248,#671,.T.);
#1538=EDGE_CURVE('',#1248,#1245,#672,.T.);
#1539=EDGE_CURVE('',#1249,#1247,#673,.T.);
#1540=EDGE_CURVE('',#1249,#1250,#674,.T.);
#1541=EDGE_CURVE('',#1250,#1248,#675,.T.);
#1542=EDGE_CURVE('',#1251,#1249,#676,.T.);
#1543=EDGE_CURVE('',#1251,#1252,#677,.T.);
#1544=EDGE_CURVE('',#1252,#1250,#678,.T.);
#1545=EDGE_CURVE('',#1253,#1251,#679,.T.);
#1546=EDGE_CURVE('',#1253,#1254,#680,.T.);
#1547=EDGE_CURVE('',#1254,#1252,#681,.T.);
#1548=EDGE_CURVE('',#1244,#1253,#682,.T.);
#1549=EDGE_CURVE('',#1246,#1254,#683,.T.);
#1550=EDGE_CURVE('',#1255,#1255,#493,.T.);
#1551=EDGE_CURVE('',#1256,#1257,#684,.T.);
#1552=EDGE_CURVE('',#1258,#1256,#685,.T.);
#1553=EDGE_CURVE('',#1259,#1258,#686,.T.);
#1554=EDGE_CURVE('',#1259,#1257,#687,.T.);
#1555=EDGE_CURVE('',#1257,#1260,#494,.T.);
#1556=EDGE_CURVE('',#1261,#1259,#688,.T.);
#1557=EDGE_CURVE('',#1262,#1261,#689,.T.);
#1558=EDGE_CURVE('',#1260,#1262,#690,.T.);
#1559=EDGE_CURVE('',#1263,#1263,#495,.T.);
#1560=EDGE_CURVE('',#1260,#1264,#691,.T.);
#1561=EDGE_CURVE('',#1265,#1262,#692,.T.);
#1562=EDGE_CURVE('',#1264,#1265,#693,.T.);
#1563=EDGE_CURVE('',#1264,#1256,#496,.T.);
#1564=EDGE_CURVE('',#1266,#1265,#694,.T.);
#1565=EDGE_CURVE('',#1258,#1266,#695,.T.);
#1566=EDGE_CURVE('',#1267,#1267,#497,.T.);
#1567=EDGE_CURVE('',#1268,#1266,#696,.T.);
#1568=EDGE_CURVE('',#1269,#1268,#697,.T.);
#1569=EDGE_CURVE('',#1269,#1197,#698,.T.);
#1570=EDGE_CURVE('',#1261,#1196,#699,.T.);
#1571=EDGE_CURVE('',#1267,#1270,#700,.T.);
#1572=EDGE_CURVE('',#1270,#1270,#498,.T.);
#1573=EDGE_CURVE('',#1203,#1263,#701,.T.);
#1574=EDGE_CURVE('',#1192,#1271,#702,.T.);
#1575=EDGE_CURVE('',#1271,#1154,#499,.T.);
#1576=EDGE_CURVE('',#1142,#1272,#500,.T.);
#1577=EDGE_CURVE('',#1272,#1273,#703,.T.);
#1578=EDGE_CURVE('',#1273,#1173,#501,.F.);
#1579=EDGE_CURVE('',#1274,#1275,#27,.T.);
#1580=EDGE_CURVE('',#1275,#1272,#502,.T.);
#1581=EDGE_CURVE('',#1141,#1276,#28,.T.);
#1582=EDGE_CURVE('',#1276,#1274,#29,.T.);
#1583=EDGE_CURVE('',#1275,#1277,#704,.T.);
#1584=EDGE_CURVE('',#1277,#1278,#503,.T.);
#1585=EDGE_CURVE('',#1278,#1279,#705,.T.);
#1586=EDGE_CURVE('',#1279,#1280,#504,.T.);
#1587=EDGE_CURVE('',#1280,#1281,#706,.T.);
#1588=EDGE_CURVE('',#1281,#1282,#505,.T.);
#1589=EDGE_CURVE('',#1282,#1156,#506,.T.);
#1590=EDGE_CURVE('',#1155,#1273,#707,.T.);
#1591=EDGE_CURVE('',#1283,#1274,#708,.T.);
#1592=EDGE_CURVE('',#1284,#1283,#709,.T.);
#1593=EDGE_CURVE('',#1285,#1284,#710,.T.);
#1594=EDGE_CURVE('',#1286,#1285,#711,.T.);
#1595=EDGE_CURVE('',#1286,#1287,#712,.T.);
#1596=EDGE_CURVE('',#1287,#1277,#713,.T.);
#1597=EDGE_CURVE('',#1288,#1276,#714,.T.);
#1598=EDGE_CURVE('',#1283,#1288,#507,.T.);
#1599=EDGE_CURVE('',#1228,#1289,#508,.T.);
#1600=EDGE_CURVE('',#1227,#1290,#509,.T.);
#1601=EDGE_CURVE('',#1290,#1289,#715,.T.);
#1602=EDGE_CURVE('',#1291,#1292,#716,.T.);
#1603=EDGE_CURVE('',#1293,#1291,#717,.T.);
#1604=EDGE_CURVE('',#1195,#1293,#718,.T.);
#1605=EDGE_CURVE('',#1294,#1194,#719,.T.);
#1606=EDGE_CURVE('',#1292,#1294,#720,.T.);
#1607=EDGE_CURVE('',#1293,#1295,#721,.T.);
#1608=EDGE_CURVE('',#1295,#1296,#722,.T.);
#1609=EDGE_CURVE('',#1296,#1268,#723,.T.);
#1610=EDGE_CURVE('',#1289,#1295,#724,.T.);
#1611=EDGE_CURVE('',#1291,#1297,#725,.T.);
#1612=EDGE_CURVE('',#1297,#1298,#726,.T.);
#1613=EDGE_CURVE('',#1298,#1299,#727,.T.);
#1614=EDGE_CURVE('',#1299,#1300,#728,.T.);
#1615=EDGE_CURVE('',#1300,#1301,#729,.T.);
#1616=EDGE_CURVE('',#1301,#1302,#730,.T.);
#1617=EDGE_CURVE('',#1302,#1303,#731,.T.);
#1618=EDGE_CURVE('',#1303,#1304,#732,.T.);
#1619=EDGE_CURVE('',#1304,#1305,#733,.T.);
#1620=EDGE_CURVE('',#1305,#1306,#734,.T.);
#1621=EDGE_CURVE('',#1306,#1307,#735,.T.);
#1622=EDGE_CURVE('',#1307,#1308,#736,.T.);
#1623=EDGE_CURVE('',#1308,#1229,#737,.T.);
#1624=EDGE_CURVE('',#1309,#1310,#738,.T.);
#1625=EDGE_CURVE('',#1309,#1201,#739,.T.);
#1626=EDGE_CURVE('',#1308,#1310,#740,.T.);
#1627=EDGE_CURVE('',#1296,#1290,#741,.T.);
#1628=EDGE_CURVE('',#1311,#1198,#742,.T.);
#1629=EDGE_CURVE('',#1269,#1311,#743,.T.);
#1630=EDGE_CURVE('',#1271,#1190,#744,.T.);
#1631=EDGE_CURVE('',#1311,#1226,#745,.T.);
#1632=EDGE_CURVE('',#1312,#1312,#510,.T.);
#1633=EDGE_CURVE('',#1312,#1300,#746,.T.);
#1634=EDGE_CURVE('',#1313,#1300,#21,.T.);
#1635=EDGE_CURVE('',#1314,#1313,#511,.T.);
#1636=EDGE_CURVE('',#1300,#1314,#22,.T.);
#1637=EDGE_CURVE('',#1313,#1315,#747,.T.);
#1638=EDGE_CURVE('',#1315,#1316,#748,.T.);
#1639=EDGE_CURVE('',#1316,#1317,#749,.T.);
#1640=EDGE_CURVE('',#1317,#1318,#750,.T.);
#1641=EDGE_CURVE('',#1318,#1314,#751,.T.);
#1642=EDGE_CURVE('',#1315,#1299,#752,.T.);
#1643=EDGE_CURVE('',#1318,#1301,#753,.T.);
#1644=EDGE_CURVE('',#1319,#1320,#754,.T.);
#1645=EDGE_CURVE('',#1319,#1317,#755,.T.);
#1646=EDGE_CURVE('',#1320,#1316,#756,.T.);
#1647=EDGE_CURVE('',#1321,#1322,#757,.T.);
#1648=EDGE_CURVE('',#1321,#1323,#758,.T.);
#1649=EDGE_CURVE('',#1294,#1323,#759,.T.);
#1650=EDGE_CURVE('',#1322,#1193,#760,.T.);
#1651=EDGE_CURVE('',#1324,#1292,#761,.T.);
#1652=EDGE_CURVE('',#1297,#1324,#762,.T.);
#1653=EDGE_CURVE('',#1325,#1324,#763,.T.);
#1654=EDGE_CURVE('',#1326,#1325,#764,.T.);
#1655=EDGE_CURVE('',#1298,#1326,#765,.T.);
#1656=EDGE_CURVE('',#1323,#1325,#766,.T.);
#1657=EDGE_CURVE('',#1327,#1328,#767,.T.);
#1658=EDGE_CURVE('',#1327,#1202,#768,.T.);
#1659=EDGE_CURVE('',#1329,#1309,#769,.T.);
#1660=EDGE_CURVE('',#1328,#1329,#770,.T.);
#1661=EDGE_CURVE('',#1328,#1306,#771,.T.);
#1662=EDGE_CURVE('',#1330,#1329,#772,.T.);
#1663=EDGE_CURVE('',#1307,#1330,#773,.T.);
#1664=EDGE_CURVE('',#1310,#1330,#774,.T.);
#1665=EDGE_CURVE('',#1305,#1331,#775,.T.);
#1666=EDGE_CURVE('',#1328,#1331,#776,.T.);
#1667=EDGE_CURVE('',#1304,#1332,#777,.T.);
#1668=EDGE_CURVE('',#1333,#1332,#778,.T.);
#1669=EDGE_CURVE('',#1331,#1333,#779,.T.);
#1670=EDGE_CURVE('',#1331,#1334,#780,.T.);
#1671=EDGE_CURVE('',#1335,#1333,#781,.T.);
#1672=EDGE_CURVE('',#1334,#1335,#782,.T.);
#1673=EDGE_CURVE('',#1302,#1336,#783,.T.);
#1674=EDGE_CURVE('',#1336,#1337,#784,.T.);
#1675=EDGE_CURVE('',#1338,#1337,#785,.T.);
#1676=EDGE_CURVE('',#1303,#1338,#786,.T.);
#1677=EDGE_CURVE('',#1332,#1338,#787,.T.);
#1678=EDGE_CURVE('',#1337,#1335,#788,.T.);
#1679=EDGE_CURVE('',#1320,#1326,#789,.T.);
#1680=EDGE_CURVE('',#1336,#1319,#790,.T.);
#1681=EDGE_CURVE('',#1326,#1336,#791,.T.);
#1682=EDGE_CURVE('',#1334,#1321,#792,.T.);
#1683=EDGE_CURVE('',#1322,#1327,#793,.T.);
#1684=EDGE_CURVE('',#1181,#1339,#512,.T.);
#1685=EDGE_CURVE('',#1339,#1340,#513,.T.);
#1686=EDGE_CURVE('',#1340,#1144,#794,.T.);
#1687=EDGE_CURVE('',#1341,#1342,#795,.T.);
#1688=EDGE_CURVE('',#1342,#1343,#514,.T.);
#1689=EDGE_CURVE('',#1344,#1343,#515,.T.);
#1690=EDGE_CURVE('',#1345,#1344,#796,.T.);
#1691=EDGE_CURVE('',#1345,#1341,#516,.T.);
#1692=EDGE_CURVE('',#1346,#1146,#797,.T.);
#1693=EDGE_CURVE('',#1347,#1145,#798,.T.);
#1694=EDGE_CURVE('',#1348,#1347,#517,.T.);
#1695=EDGE_CURVE('',#1348,#1346,#518,.T.);
#1696=EDGE_CURVE('',#1343,#1282,#799,.T.);
#1697=EDGE_CURVE('',#1342,#1349,#800,.T.);
#1698=EDGE_CURVE('',#1157,#1349,#519,.T.);
#1699=EDGE_CURVE('',#1344,#1281,#801,.T.);
#1700=EDGE_CURVE('',#1345,#1280,#802,.T.);
#1701=EDGE_CURVE('',#1350,#1279,#803,.T.);
#1702=EDGE_CURVE('',#1351,#1278,#804,.T.);
#1703=EDGE_CURVE('',#1350,#1351,#805,.T.);
#1704=EDGE_CURVE('',#1351,#1287,#520,.T.);
#1705=EDGE_CURVE('',#1288,#1140,#806,.T.);
#1706=EDGE_CURVE('',#1347,#1340,#807,.T.);
#1707=EDGE_CURVE('',#1348,#1339,#808,.T.);
#1708=EDGE_CURVE('',#1352,#1180,#521,.T.);
#1709=EDGE_CURVE('',#1346,#1352,#809,.T.);
#1710=EDGE_CURVE('',#1180,#1353,#522,.T.);
#1711=EDGE_CURVE('',#1353,#1352,#810,.T.);
#1712=EDGE_CURVE('',#1349,#1354,#811,.T.);
#1713=EDGE_CURVE('',#1354,#1158,#523,.T.);
#1714=EDGE_CURVE('',#1287,#1355,#17,.T.);
#1715=EDGE_CURVE('',#1355,#1356,#524,.T.);
#1716=EDGE_CURVE('',#1356,#1357,#525,.T.);
#1717=EDGE_CURVE('',#1357,#1358,#812,.T.);
#1718=EDGE_CURVE('',#1358,#1136,#813,.T.);
#1719=EDGE_CURVE('',#1134,#1350,#526,.T.);
#1720=EDGE_CURVE('',#1359,#1359,#527,.T.);
#1721=EDGE_CURVE('',#1359,#1360,#814,.T.);
#1722=EDGE_CURVE('',#1360,#1360,#30,.T.);
#1723=EDGE_CURVE('',#1361,#1361,#528,.T.);
#1724=EDGE_CURVE('',#1362,#1362,#529,.T.);
#1725=EDGE_CURVE('',#1362,#1361,#815,.T.);
#1726=EDGE_CURVE('',#1255,#1363,#816,.T.);
#1727=EDGE_CURVE('',#1363,#1363,#530,.T.);
#1728=EDGE_CURVE('',#1364,#1364,#531,.T.);
#1729=EDGE_CURVE('',#1364,#1365,#817,.T.);
#1730=EDGE_CURVE('',#1365,#1365,#31,.T.);
#1731=EDGE_CURVE('',#1366,#1366,#532,.T.);
#1732=EDGE_CURVE('',#1367,#1367,#533,.T.);
#1733=EDGE_CURVE('',#1367,#1242,#818,.T.);
#1734=EDGE_CURVE('',#1366,#1368,#819,.T.);
#1735=EDGE_CURVE('',#1368,#1368,#534,.T.);
#1736=EDGE_CURVE('',#1369,#1370,#535,.T.);
#1737=EDGE_CURVE('',#1369,#1371,#820,.T.);
#1738=EDGE_CURVE('',#1372,#1371,#536,.T.);
#1739=EDGE_CURVE('',#1370,#1372,#821,.T.);
#1740=EDGE_CURVE('',#1370,#1373,#822,.T.);
#1741=EDGE_CURVE('',#1374,#1372,#823,.T.);
#1742=EDGE_CURVE('',#1373,#1374,#824,.T.);
#1743=EDGE_CURVE('',#1373,#1375,#825,.T.);
#1744=EDGE_CURVE('',#1376,#1374,#826,.T.);
#1745=EDGE_CURVE('',#1375,#1376,#827,.T.);
#1746=EDGE_CURVE('',#1375,#1139,#537,.T.);
#1747=EDGE_CURVE('',#1138,#1376,#538,.T.);
#1748=EDGE_CURVE('',#1147,#1377,#828,.T.);
#1749=EDGE_CURVE('',#1377,#1353,#829,.T.);
#1750=EDGE_CURVE('',#1377,#1179,#539,.T.);
#1751=EDGE_CURVE('',#1159,#1378,#540,.T.);
#1752=EDGE_CURVE('',#1378,#1354,#830,.T.);
#1753=EDGE_CURVE('',#1379,#1378,#831,.T.);
#1754=EDGE_CURVE('',#1379,#1341,#832,.T.);
#1755=EDGE_CURVE('',#1379,#1135,#541,.T.);
#1756=EDGE_CURVE('',#1137,#1380,#833,.T.);
#1757=EDGE_CURVE('',#1380,#1358,#834,.T.);
#1758=EDGE_CURVE('',#1380,#1381,#835,.T.);
#1759=EDGE_CURVE('',#1381,#1357,#836,.T.);
#1760=EDGE_CURVE('',#1381,#1382,#542,.T.);
#1761=EDGE_CURVE('',#1382,#1356,#837,.T.);
#1762=EDGE_CURVE('',#1383,#1382,#543,.T.);
#1763=EDGE_CURVE('',#1383,#1355,#838,.T.);
#1764=EDGE_CURVE('',#1286,#1383,#18,.T.);
#1765=EDGE_CURVE('',#1285,#1384,#19,.T.);
#1766=EDGE_CURVE('',#1385,#1284,#20,.T.);
#1767=EDGE_CURVE('',#1384,#1385,#839,.T.);
#1768=EDGE_CURVE('',#1369,#1384,#544,.T.);
#1769=EDGE_CURVE('',#1371,#1385,#545,.T.);
#1770=ORIENTED_EDGE('',*,*,#1386,.F.);
#1771=ORIENTED_EDGE('',*,*,#1387,.F.);
#1772=ORIENTED_EDGE('',*,*,#1388,.F.);
#1773=ORIENTED_EDGE('',*,*,#1389,.F.);
#1774=ORIENTED_EDGE('',*,*,#1390,.F.);
#1775=ORIENTED_EDGE('',*,*,#1391,.F.);
#1776=ORIENTED_EDGE('',*,*,#1392,.T.);
#1777=ORIENTED_EDGE('',*,*,#1393,.F.);
#1778=ORIENTED_EDGE('',*,*,#1394,.F.);
#1779=ORIENTED_EDGE('',*,*,#1395,.F.);
#1780=ORIENTED_EDGE('',*,*,#1396,.F.);
#1781=ORIENTED_EDGE('',*,*,#1397,.F.);
#1782=ORIENTED_EDGE('',*,*,#1398,.F.);
#1783=ORIENTED_EDGE('',*,*,#1399,.F.);
#1784=ORIENTED_EDGE('',*,*,#1400,.F.);
#1785=ORIENTED_EDGE('',*,*,#1401,.T.);
#1786=ORIENTED_EDGE('',*,*,#1402,.F.);
#1787=ORIENTED_EDGE('',*,*,#1401,.F.);
#1788=ORIENTED_EDGE('',*,*,#1400,.T.);
#1789=ORIENTED_EDGE('',*,*,#1403,.T.);
#1790=ORIENTED_EDGE('',*,*,#1403,.F.);
#1791=ORIENTED_EDGE('',*,*,#1404,.T.);
#1792=ORIENTED_EDGE('',*,*,#1405,.F.);
#1793=ORIENTED_EDGE('',*,*,#1406,.F.);
#1794=ORIENTED_EDGE('',*,*,#1407,.F.);
#1795=ORIENTED_EDGE('',*,*,#1404,.F.);
#1796=ORIENTED_EDGE('',*,*,#1405,.T.);
#1797=ORIENTED_EDGE('',*,*,#1407,.T.);
#1798=ORIENTED_EDGE('',*,*,#1408,.F.);
#1799=ORIENTED_EDGE('',*,*,#1409,.T.);
#1800=ORIENTED_EDGE('',*,*,#1410,.F.);
#1801=ORIENTED_EDGE('',*,*,#1411,.T.);
#1802=ORIENTED_EDGE('',*,*,#1412,.F.);
#1803=ORIENTED_EDGE('',*,*,#1413,.F.);
#1804=ORIENTED_EDGE('',*,*,#1414,.F.);
#1805=ORIENTED_EDGE('',*,*,#1415,.F.);
#1806=ORIENTED_EDGE('',*,*,#1416,.F.);
#1807=ORIENTED_EDGE('',*,*,#1417,.T.);
#1808=ORIENTED_EDGE('',*,*,#1418,.T.);
#1809=ORIENTED_EDGE('',*,*,#1419,.T.);
#1810=ORIENTED_EDGE('',*,*,#1420,.T.);
#1811=ORIENTED_EDGE('',*,*,#1421,.F.);
#1812=ORIENTED_EDGE('',*,*,#1422,.T.);
#1813=ORIENTED_EDGE('',*,*,#1417,.F.);
#1814=ORIENTED_EDGE('',*,*,#1423,.F.);
#1815=ORIENTED_EDGE('',*,*,#1424,.F.);
#1816=ORIENTED_EDGE('',*,*,#1425,.T.);
#1817=ORIENTED_EDGE('',*,*,#1418,.F.);
#1818=ORIENTED_EDGE('',*,*,#1422,.F.);
#1819=ORIENTED_EDGE('',*,*,#1426,.F.);
#1820=ORIENTED_EDGE('',*,*,#1427,.T.);
#1821=ORIENTED_EDGE('',*,*,#1419,.F.);
#1822=ORIENTED_EDGE('',*,*,#1425,.F.);
#1823=ORIENTED_EDGE('',*,*,#1428,.F.);
#1824=ORIENTED_EDGE('',*,*,#1423,.T.);
#1825=ORIENTED_EDGE('',*,*,#1420,.F.);
#1826=ORIENTED_EDGE('',*,*,#1427,.F.);
#1827=ORIENTED_EDGE('',*,*,#1429,.T.);
#1828=ORIENTED_EDGE('',*,*,#1430,.T.);
#1829=ORIENTED_EDGE('',*,*,#1431,.T.);
#1830=ORIENTED_EDGE('',*,*,#1432,.T.);
#1831=ORIENTED_EDGE('',*,*,#1433,.T.);
#1832=ORIENTED_EDGE('',*,*,#1434,.T.);
#1833=ORIENTED_EDGE('',*,*,#1435,.T.);
#1834=ORIENTED_EDGE('',*,*,#1436,.T.);
#1835=ORIENTED_EDGE('',*,*,#1435,.F.);
#1836=ORIENTED_EDGE('',*,*,#1437,.T.);
#1837=ORIENTED_EDGE('',*,*,#1429,.F.);
#1838=ORIENTED_EDGE('',*,*,#1438,.F.);
#1839=ORIENTED_EDGE('',*,*,#1430,.F.);
#1840=ORIENTED_EDGE('',*,*,#1439,.F.);
#1841=ORIENTED_EDGE('',*,*,#1440,.F.);
#1842=ORIENTED_EDGE('',*,*,#1441,.F.);
#1843=ORIENTED_EDGE('',*,*,#1442,.T.);
#1844=ORIENTED_EDGE('',*,*,#1443,.T.);
#1845=ORIENTED_EDGE('',*,*,#1444,.F.);
#1846=ORIENTED_EDGE('',*,*,#1394,.T.);
#1847=ORIENTED_EDGE('',*,*,#1445,.T.);
#1848=ORIENTED_EDGE('',*,*,#1446,.T.);
#1849=ORIENTED_EDGE('',*,*,#1447,.T.);
#1850=ORIENTED_EDGE('',*,*,#1448,.T.);
#1851=ORIENTED_EDGE('',*,*,#1449,.T.);
#1852=ORIENTED_EDGE('',*,*,#1450,.T.);
#1853=ORIENTED_EDGE('',*,*,#1437,.F.);
#1854=ORIENTED_EDGE('',*,*,#1451,.T.);
#1855=ORIENTED_EDGE('',*,*,#1452,.T.);
#1856=ORIENTED_EDGE('',*,*,#1439,.T.);
#1857=ORIENTED_EDGE('',*,*,#1434,.F.);
#1858=ORIENTED_EDGE('',*,*,#1453,.T.);
#1859=ORIENTED_EDGE('',*,*,#1454,.F.);
#1860=ORIENTED_EDGE('',*,*,#1451,.F.);
#1861=ORIENTED_EDGE('',*,*,#1433,.F.);
#1862=ORIENTED_EDGE('',*,*,#1455,.T.);
#1863=ORIENTED_EDGE('',*,*,#1456,.T.);
#1864=ORIENTED_EDGE('',*,*,#1457,.F.);
#1865=ORIENTED_EDGE('',*,*,#1453,.F.);
#1866=ORIENTED_EDGE('',*,*,#1452,.F.);
#1867=ORIENTED_EDGE('',*,*,#1454,.T.);
#1868=ORIENTED_EDGE('',*,*,#1457,.T.);
#1869=ORIENTED_EDGE('',*,*,#1458,.T.);
#1870=ORIENTED_EDGE('',*,*,#1459,.F.);
#1871=ORIENTED_EDGE('',*,*,#1415,.T.);
#1872=ORIENTED_EDGE('',*,*,#1460,.T.);
#1873=ORIENTED_EDGE('',*,*,#1461,.T.);
#1874=ORIENTED_EDGE('',*,*,#1462,.T.);
#1875=ORIENTED_EDGE('',*,*,#1463,.T.);
#1876=ORIENTED_EDGE('',*,*,#1464,.T.);
#1877=ORIENTED_EDGE('',*,*,#1465,.T.);
#1878=ORIENTED_EDGE('',*,*,#1466,.T.);
#1879=ORIENTED_EDGE('',*,*,#1467,.T.);
#1880=ORIENTED_EDGE('',*,*,#1468,.T.);
#1881=ORIENTED_EDGE('',*,*,#1469,.T.);
#1882=ORIENTED_EDGE('',*,*,#1470,.T.);
#1883=ORIENTED_EDGE('',*,*,#1440,.T.);
#1884=ORIENTED_EDGE('',*,*,#1471,.T.);
#1885=ORIENTED_EDGE('',*,*,#1472,.F.);
#1886=ORIENTED_EDGE('',*,*,#1473,.T.);
#1887=ORIENTED_EDGE('',*,*,#1445,.F.);
#1888=ORIENTED_EDGE('',*,*,#1473,.F.);
#1889=ORIENTED_EDGE('',*,*,#1474,.F.);
#1890=ORIENTED_EDGE('',*,*,#1475,.T.);
#1891=ORIENTED_EDGE('',*,*,#1446,.F.);
#1892=ORIENTED_EDGE('',*,*,#1475,.F.);
#1893=ORIENTED_EDGE('',*,*,#1476,.F.);
#1894=ORIENTED_EDGE('',*,*,#1477,.T.);
#1895=ORIENTED_EDGE('',*,*,#1447,.F.);
#1896=ORIENTED_EDGE('',*,*,#1478,.F.);
#1897=ORIENTED_EDGE('',*,*,#1479,.F.);
#1898=ORIENTED_EDGE('',*,*,#1480,.T.);
#1899=ORIENTED_EDGE('',*,*,#1448,.F.);
#1900=ORIENTED_EDGE('',*,*,#1477,.F.);
#1901=ORIENTED_EDGE('',*,*,#1481,.F.);
#1902=ORIENTED_EDGE('',*,*,#1482,.T.);
#1903=ORIENTED_EDGE('',*,*,#1449,.F.);
#1904=ORIENTED_EDGE('',*,*,#1480,.F.);
#1905=ORIENTED_EDGE('',*,*,#1483,.F.);
#1906=ORIENTED_EDGE('',*,*,#1478,.T.);
#1907=ORIENTED_EDGE('',*,*,#1450,.F.);
#1908=ORIENTED_EDGE('',*,*,#1482,.F.);
#1909=ORIENTED_EDGE('',*,*,#1484,.F.);
#1910=ORIENTED_EDGE('',*,*,#1485,.T.);
#1911=ORIENTED_EDGE('',*,*,#1486,.F.);
#1912=ORIENTED_EDGE('',*,*,#1487,.F.);
#1913=ORIENTED_EDGE('',*,*,#1488,.F.);
#1914=ORIENTED_EDGE('',*,*,#1487,.T.);
#1915=ORIENTED_EDGE('',*,*,#1489,.F.);
#1916=ORIENTED_EDGE('',*,*,#1490,.F.);
#1917=ORIENTED_EDGE('',*,*,#1491,.F.);
#1918=ORIENTED_EDGE('',*,*,#1490,.T.);
#1919=ORIENTED_EDGE('',*,*,#1492,.F.);
#1920=ORIENTED_EDGE('',*,*,#1493,.F.);
#1921=ORIENTED_EDGE('',*,*,#1494,.F.);
#1922=ORIENTED_EDGE('',*,*,#1493,.T.);
#1923=ORIENTED_EDGE('',*,*,#1495,.F.);
#1924=ORIENTED_EDGE('',*,*,#1485,.F.);
#1925=ORIENTED_EDGE('',*,*,#1496,.F.);
#1926=ORIENTED_EDGE('',*,*,#1497,.T.);
#1927=ORIENTED_EDGE('',*,*,#1498,.F.);
#1928=ORIENTED_EDGE('',*,*,#1499,.F.);
#1929=ORIENTED_EDGE('',*,*,#1500,.F.);
#1930=ORIENTED_EDGE('',*,*,#1499,.T.);
#1931=ORIENTED_EDGE('',*,*,#1501,.F.);
#1932=ORIENTED_EDGE('',*,*,#1502,.F.);
#1933=ORIENTED_EDGE('',*,*,#1503,.F.);
#1934=ORIENTED_EDGE('',*,*,#1502,.T.);
#1935=ORIENTED_EDGE('',*,*,#1504,.F.);
#1936=ORIENTED_EDGE('',*,*,#1505,.F.);
#1937=ORIENTED_EDGE('',*,*,#1506,.F.);
#1938=ORIENTED_EDGE('',*,*,#1505,.T.);
#1939=ORIENTED_EDGE('',*,*,#1507,.F.);
#1940=ORIENTED_EDGE('',*,*,#1497,.F.);
#1941=ORIENTED_EDGE('',*,*,#1507,.T.);
#1942=ORIENTED_EDGE('',*,*,#1504,.T.);
#1943=ORIENTED_EDGE('',*,*,#1501,.T.);
#1944=ORIENTED_EDGE('',*,*,#1498,.T.);
#1945=ORIENTED_EDGE('',*,*,#1495,.T.);
#1946=ORIENTED_EDGE('',*,*,#1492,.T.);
#1947=ORIENTED_EDGE('',*,*,#1489,.T.);
#1948=ORIENTED_EDGE('',*,*,#1486,.T.);
#1949=ORIENTED_EDGE('',*,*,#1508,.T.);
#1950=ORIENTED_EDGE('',*,*,#1509,.F.);
#1951=ORIENTED_EDGE('',*,*,#1510,.F.);
#1952=ORIENTED_EDGE('',*,*,#1511,.T.);
#1953=ORIENTED_EDGE('',*,*,#1467,.F.);
#1954=ORIENTED_EDGE('',*,*,#1512,.F.);
#1955=ORIENTED_EDGE('',*,*,#1513,.T.);
#1956=ORIENTED_EDGE('',*,*,#1514,.T.);
#1957=ORIENTED_EDGE('',*,*,#1515,.T.);
#1958=ORIENTED_EDGE('',*,*,#1516,.T.);
#1959=ORIENTED_EDGE('',*,*,#1517,.T.);
#1960=ORIENTED_EDGE('',*,*,#1518,.T.);
#1961=ORIENTED_EDGE('',*,*,#1496,.T.);
#1962=ORIENTED_EDGE('',*,*,#1500,.T.);
#1963=ORIENTED_EDGE('',*,*,#1503,.T.);
#1964=ORIENTED_EDGE('',*,*,#1506,.T.);
#1965=ORIENTED_EDGE('',*,*,#1513,.F.);
#1966=ORIENTED_EDGE('',*,*,#1519,.T.);
#1967=ORIENTED_EDGE('',*,*,#1520,.T.);
#1968=ORIENTED_EDGE('',*,*,#1521,.F.);
#1969=ORIENTED_EDGE('',*,*,#1518,.F.);
#1970=ORIENTED_EDGE('',*,*,#1522,.T.);
#1971=ORIENTED_EDGE('',*,*,#1523,.T.);
#1972=ORIENTED_EDGE('',*,*,#1519,.F.);
#1973=ORIENTED_EDGE('',*,*,#1517,.F.);
#1974=ORIENTED_EDGE('',*,*,#1524,.T.);
#1975=ORIENTED_EDGE('',*,*,#1525,.T.);
#1976=ORIENTED_EDGE('',*,*,#1522,.F.);
#1977=ORIENTED_EDGE('',*,*,#1516,.F.);
#1978=ORIENTED_EDGE('',*,*,#1526,.T.);
#1979=ORIENTED_EDGE('',*,*,#1527,.T.);
#1980=ORIENTED_EDGE('',*,*,#1524,.F.);
#1981=ORIENTED_EDGE('',*,*,#1515,.F.);
#1982=ORIENTED_EDGE('',*,*,#1528,.T.);
#1983=ORIENTED_EDGE('',*,*,#1529,.T.);
#1984=ORIENTED_EDGE('',*,*,#1526,.F.);
#1985=ORIENTED_EDGE('',*,*,#1514,.F.);
#1986=ORIENTED_EDGE('',*,*,#1521,.T.);
#1987=ORIENTED_EDGE('',*,*,#1530,.T.);
#1988=ORIENTED_EDGE('',*,*,#1528,.F.);
#1989=ORIENTED_EDGE('',*,*,#1530,.F.);
#1990=ORIENTED_EDGE('',*,*,#1520,.F.);
#1991=ORIENTED_EDGE('',*,*,#1523,.F.);
#1992=ORIENTED_EDGE('',*,*,#1525,.F.);
#1993=ORIENTED_EDGE('',*,*,#1527,.F.);
#1994=ORIENTED_EDGE('',*,*,#1529,.F.);
#1995=ORIENTED_EDGE('',*,*,#1531,.F.);
#1996=ORIENTED_EDGE('',*,*,#1532,.F.);
#1997=ORIENTED_EDGE('',*,*,#1533,.T.);
#1998=ORIENTED_EDGE('',*,*,#1534,.T.);
#1999=ORIENTED_EDGE('',*,*,#1535,.F.);
#2000=ORIENTED_EDGE('',*,*,#1536,.F.);
#2001=ORIENTED_EDGE('',*,*,#1537,.T.);
#2002=ORIENTED_EDGE('',*,*,#1538,.T.);
#2003=ORIENTED_EDGE('',*,*,#1533,.F.);
#2004=ORIENTED_EDGE('',*,*,#1539,.F.);
#2005=ORIENTED_EDGE('',*,*,#1540,.T.);
#2006=ORIENTED_EDGE('',*,*,#1541,.T.);
#2007=ORIENTED_EDGE('',*,*,#1537,.F.);
#2008=ORIENTED_EDGE('',*,*,#1542,.F.);
#2009=ORIENTED_EDGE('',*,*,#1543,.T.);
#2010=ORIENTED_EDGE('',*,*,#1544,.T.);
#2011=ORIENTED_EDGE('',*,*,#1540,.F.);
#2012=ORIENTED_EDGE('',*,*,#1545,.F.);
#2013=ORIENTED_EDGE('',*,*,#1546,.T.);
#2014=ORIENTED_EDGE('',*,*,#1547,.T.);
#2015=ORIENTED_EDGE('',*,*,#1543,.F.);
#2016=ORIENTED_EDGE('',*,*,#1548,.F.);
#2017=ORIENTED_EDGE('',*,*,#1535,.T.);
#2018=ORIENTED_EDGE('',*,*,#1549,.T.);
#2019=ORIENTED_EDGE('',*,*,#1546,.F.);
#2020=ORIENTED_EDGE('',*,*,#1549,.F.);
#2021=ORIENTED_EDGE('',*,*,#1534,.F.);
#2022=ORIENTED_EDGE('',*,*,#1538,.F.);
#2023=ORIENTED_EDGE('',*,*,#1541,.F.);
#2024=ORIENTED_EDGE('',*,*,#1544,.F.);
#2025=ORIENTED_EDGE('',*,*,#1547,.F.);
#2026=ORIENTED_EDGE('',*,*,#1550,.F.);
#2027=ORIENTED_EDGE('',*,*,#1551,.F.);
#2028=ORIENTED_EDGE('',*,*,#1552,.F.);
#2029=ORIENTED_EDGE('',*,*,#1553,.F.);
#2030=ORIENTED_EDGE('',*,*,#1554,.T.);
#2031=ORIENTED_EDGE('',*,*,#1555,.F.);
#2032=ORIENTED_EDGE('',*,*,#1554,.F.);
#2033=ORIENTED_EDGE('',*,*,#1556,.F.);
#2034=ORIENTED_EDGE('',*,*,#1557,.F.);
#2035=ORIENTED_EDGE('',*,*,#1558,.F.);
#2036=ORIENTED_EDGE('',*,*,#1559,.F.);
#2037=ORIENTED_EDGE('',*,*,#1560,.F.);
#2038=ORIENTED_EDGE('',*,*,#1558,.T.);
#2039=ORIENTED_EDGE('',*,*,#1561,.F.);
#2040=ORIENTED_EDGE('',*,*,#1562,.F.);
#2041=ORIENTED_EDGE('',*,*,#1563,.F.);
#2042=ORIENTED_EDGE('',*,*,#1562,.T.);
#2043=ORIENTED_EDGE('',*,*,#1564,.F.);
#2044=ORIENTED_EDGE('',*,*,#1565,.F.);
#2045=ORIENTED_EDGE('',*,*,#1552,.T.);
#2046=ORIENTED_EDGE('',*,*,#1566,.F.);
#2047=ORIENTED_EDGE('',*,*,#1556,.T.);
#2048=ORIENTED_EDGE('',*,*,#1553,.T.);
#2049=ORIENTED_EDGE('',*,*,#1565,.T.);
#2050=ORIENTED_EDGE('',*,*,#1567,.F.);
#2051=ORIENTED_EDGE('',*,*,#1568,.F.);
#2052=ORIENTED_EDGE('',*,*,#1569,.T.);
#2053=ORIENTED_EDGE('',*,*,#1464,.F.);
#2054=ORIENTED_EDGE('',*,*,#1570,.F.);
#2055=ORIENTED_EDGE('',*,*,#1566,.T.);
#2056=ORIENTED_EDGE('',*,*,#1571,.T.);
#2057=ORIENTED_EDGE('',*,*,#1572,.T.);
#2058=ORIENTED_EDGE('',*,*,#1571,.F.);
#2059=ORIENTED_EDGE('',*,*,#1471,.F.);
#2060=ORIENTED_EDGE('',*,*,#1573,.T.);
#2061=ORIENTED_EDGE('',*,*,#1559,.T.);
#2062=ORIENTED_EDGE('',*,*,#1573,.F.);
#2063=ORIENTED_EDGE('',*,*,#1572,.F.);
#2064=ORIENTED_EDGE('',*,*,#1406,.T.);
#2065=ORIENTED_EDGE('',*,*,#1416,.T.);
#2066=ORIENTED_EDGE('',*,*,#1459,.T.);
#2067=ORIENTED_EDGE('',*,*,#1574,.T.);
#2068=ORIENTED_EDGE('',*,*,#1575,.T.);
#2069=ORIENTED_EDGE('',*,*,#1408,.T.);
#2070=ORIENTED_EDGE('',*,*,#1560,.T.);
#2071=ORIENTED_EDGE('',*,*,#1563,.T.);
#2072=ORIENTED_EDGE('',*,*,#1551,.T.);
#2073=ORIENTED_EDGE('',*,*,#1555,.T.);
#2074=ORIENTED_EDGE('',*,*,#1576,.T.);
#2075=ORIENTED_EDGE('',*,*,#1577,.T.);
#2076=ORIENTED_EDGE('',*,*,#1578,.T.);
#2077=ORIENTED_EDGE('',*,*,#1431,.F.);
#2078=ORIENTED_EDGE('',*,*,#1438,.T.);
#2079=ORIENTED_EDGE('',*,*,#1579,.T.);
#2080=ORIENTED_EDGE('',*,*,#1580,.T.);
#2081=ORIENTED_EDGE('',*,*,#1576,.F.);
#2082=ORIENTED_EDGE('',*,*,#1393,.T.);
#2083=ORIENTED_EDGE('',*,*,#1581,.T.);
#2084=ORIENTED_EDGE('',*,*,#1582,.T.);
#2085=ORIENTED_EDGE('',*,*,#1577,.F.);
#2086=ORIENTED_EDGE('',*,*,#1580,.F.);
#2087=ORIENTED_EDGE('',*,*,#1583,.T.);
#2088=ORIENTED_EDGE('',*,*,#1584,.T.);
#2089=ORIENTED_EDGE('',*,*,#1585,.T.);
#2090=ORIENTED_EDGE('',*,*,#1586,.T.);
#2091=ORIENTED_EDGE('',*,*,#1587,.T.);
#2092=ORIENTED_EDGE('',*,*,#1588,.T.);
#2093=ORIENTED_EDGE('',*,*,#1589,.T.);
#2094=ORIENTED_EDGE('',*,*,#1410,.T.);
#2095=ORIENTED_EDGE('',*,*,#1590,.T.);
#2096=ORIENTED_EDGE('',*,*,#1579,.F.);
#2097=ORIENTED_EDGE('',*,*,#1591,.F.);
#2098=ORIENTED_EDGE('',*,*,#1592,.F.);
#2099=ORIENTED_EDGE('',*,*,#1593,.F.);
#2100=ORIENTED_EDGE('',*,*,#1594,.F.);
#2101=ORIENTED_EDGE('',*,*,#1595,.T.);
#2102=ORIENTED_EDGE('',*,*,#1596,.T.);
#2103=ORIENTED_EDGE('',*,*,#1583,.F.);
#2104=ORIENTED_EDGE('',*,*,#1582,.F.);
#2105=ORIENTED_EDGE('',*,*,#1597,.F.);
#2106=ORIENTED_EDGE('',*,*,#1598,.F.);
#2107=ORIENTED_EDGE('',*,*,#1591,.T.);
#2108=ORIENTED_EDGE('',*,*,#1599,.F.);
#2109=ORIENTED_EDGE('',*,*,#1509,.T.);
#2110=ORIENTED_EDGE('',*,*,#1600,.T.);
#2111=ORIENTED_EDGE('',*,*,#1601,.T.);
#2112=ORIENTED_EDGE('',*,*,#1484,.T.);
#2113=ORIENTED_EDGE('',*,*,#1488,.T.);
#2114=ORIENTED_EDGE('',*,*,#1491,.T.);
#2115=ORIENTED_EDGE('',*,*,#1494,.T.);
#2116=ORIENTED_EDGE('',*,*,#1472,.T.);
#2117=ORIENTED_EDGE('',*,*,#1474,.T.);
#2118=ORIENTED_EDGE('',*,*,#1476,.T.);
#2119=ORIENTED_EDGE('',*,*,#1483,.T.);
#2120=ORIENTED_EDGE('',*,*,#1481,.T.);
#2121=ORIENTED_EDGE('',*,*,#1479,.T.);
#2122=ORIENTED_EDGE('',*,*,#1602,.F.);
#2123=ORIENTED_EDGE('',*,*,#1603,.F.);
#2124=ORIENTED_EDGE('',*,*,#1604,.F.);
#2125=ORIENTED_EDGE('',*,*,#1462,.F.);
#2126=ORIENTED_EDGE('',*,*,#1605,.F.);
#2127=ORIENTED_EDGE('',*,*,#1606,.F.);
#2128=ORIENTED_EDGE('',*,*,#1557,.T.);
#2129=ORIENTED_EDGE('',*,*,#1570,.T.);
#2130=ORIENTED_EDGE('',*,*,#1463,.F.);
#2131=ORIENTED_EDGE('',*,*,#1604,.T.);
#2132=ORIENTED_EDGE('',*,*,#1607,.T.);
#2133=ORIENTED_EDGE('',*,*,#1608,.T.);
#2134=ORIENTED_EDGE('',*,*,#1609,.T.);
#2135=ORIENTED_EDGE('',*,*,#1567,.T.);
#2136=ORIENTED_EDGE('',*,*,#1564,.T.);
#2137=ORIENTED_EDGE('',*,*,#1561,.T.);
#2138=ORIENTED_EDGE('',*,*,#1402,.T.);
#2139=ORIENTED_EDGE('',*,*,#1421,.T.);
#2140=ORIENTED_EDGE('',*,*,#1428,.T.);
#2141=ORIENTED_EDGE('',*,*,#1426,.T.);
#2142=ORIENTED_EDGE('',*,*,#1424,.T.);
#2143=ORIENTED_EDGE('',*,*,#1532,.T.);
#2144=ORIENTED_EDGE('',*,*,#1548,.T.);
#2145=ORIENTED_EDGE('',*,*,#1545,.T.);
#2146=ORIENTED_EDGE('',*,*,#1542,.T.);
#2147=ORIENTED_EDGE('',*,*,#1539,.T.);
#2148=ORIENTED_EDGE('',*,*,#1536,.T.);
#2149=ORIENTED_EDGE('',*,*,#1599,.T.);
#2150=ORIENTED_EDGE('',*,*,#1610,.T.);
#2151=ORIENTED_EDGE('',*,*,#1607,.F.);
#2152=ORIENTED_EDGE('',*,*,#1603,.T.);
#2153=ORIENTED_EDGE('',*,*,#1611,.T.);
#2154=ORIENTED_EDGE('',*,*,#1612,.T.);
#2155=ORIENTED_EDGE('',*,*,#1613,.T.);
#2156=ORIENTED_EDGE('',*,*,#1614,.T.);
#2157=ORIENTED_EDGE('',*,*,#1615,.T.);
#2158=ORIENTED_EDGE('',*,*,#1616,.T.);
#2159=ORIENTED_EDGE('',*,*,#1617,.T.);
#2160=ORIENTED_EDGE('',*,*,#1618,.T.);
#2161=ORIENTED_EDGE('',*,*,#1619,.T.);
#2162=ORIENTED_EDGE('',*,*,#1620,.T.);
#2163=ORIENTED_EDGE('',*,*,#1621,.T.);
#2164=ORIENTED_EDGE('',*,*,#1622,.T.);
#2165=ORIENTED_EDGE('',*,*,#1623,.T.);
#2166=ORIENTED_EDGE('',*,*,#1510,.T.);
#2167=ORIENTED_EDGE('',*,*,#1624,.F.);
#2168=ORIENTED_EDGE('',*,*,#1625,.T.);
#2169=ORIENTED_EDGE('',*,*,#1468,.F.);
#2170=ORIENTED_EDGE('',*,*,#1511,.F.);
#2171=ORIENTED_EDGE('',*,*,#1623,.F.);
#2172=ORIENTED_EDGE('',*,*,#1626,.T.);
#2173=ORIENTED_EDGE('',*,*,#1601,.F.);
#2174=ORIENTED_EDGE('',*,*,#1627,.F.);
#2175=ORIENTED_EDGE('',*,*,#1608,.F.);
#2176=ORIENTED_EDGE('',*,*,#1610,.F.);
#2177=ORIENTED_EDGE('',*,*,#1628,.T.);
#2178=ORIENTED_EDGE('',*,*,#1465,.F.);
#2179=ORIENTED_EDGE('',*,*,#1569,.F.);
#2180=ORIENTED_EDGE('',*,*,#1629,.T.);
#2181=ORIENTED_EDGE('',*,*,#1574,.F.);
#2182=ORIENTED_EDGE('',*,*,#1458,.F.);
#2183=ORIENTED_EDGE('',*,*,#1456,.F.);
#2184=ORIENTED_EDGE('',*,*,#1630,.F.);
#2185=ORIENTED_EDGE('',*,*,#1432,.F.);
#2186=ORIENTED_EDGE('',*,*,#1578,.F.);
#2187=ORIENTED_EDGE('',*,*,#1590,.F.);
#2188=ORIENTED_EDGE('',*,*,#1409,.F.);
#2189=ORIENTED_EDGE('',*,*,#1575,.F.);
#2190=ORIENTED_EDGE('',*,*,#1630,.T.);
#2191=ORIENTED_EDGE('',*,*,#1455,.F.);
#2192=ORIENTED_EDGE('',*,*,#1436,.F.);
#2193=ORIENTED_EDGE('',*,*,#1512,.T.);
#2194=ORIENTED_EDGE('',*,*,#1466,.F.);
#2195=ORIENTED_EDGE('',*,*,#1628,.F.);
#2196=ORIENTED_EDGE('',*,*,#1631,.T.);
#2197=ORIENTED_EDGE('',*,*,#1508,.F.);
#2198=ORIENTED_EDGE('',*,*,#1631,.F.);
#2199=ORIENTED_EDGE('',*,*,#1629,.F.);
#2200=ORIENTED_EDGE('',*,*,#1568,.T.);
#2201=ORIENTED_EDGE('',*,*,#1609,.F.);
#2202=ORIENTED_EDGE('',*,*,#1627,.T.);
#2203=ORIENTED_EDGE('',*,*,#1600,.F.);
#2204=ORIENTED_EDGE('',*,*,#1632,.F.);
#2205=ORIENTED_EDGE('',*,*,#1633,.T.);
#2206=ORIENTED_EDGE('',*,*,#1634,.F.);
#2207=ORIENTED_EDGE('',*,*,#1635,.F.);
#2208=ORIENTED_EDGE('',*,*,#1636,.F.);
#2209=ORIENTED_EDGE('',*,*,#1633,.F.);
#2210=ORIENTED_EDGE('',*,*,#1632,.T.);
#2211=ORIENTED_EDGE('',*,*,#1635,.T.);
#2212=ORIENTED_EDGE('',*,*,#1637,.T.);
#2213=ORIENTED_EDGE('',*,*,#1638,.T.);
#2214=ORIENTED_EDGE('',*,*,#1639,.T.);
#2215=ORIENTED_EDGE('',*,*,#1640,.T.);
#2216=ORIENTED_EDGE('',*,*,#1641,.T.);
#2217=ORIENTED_EDGE('',*,*,#1634,.T.);
#2218=ORIENTED_EDGE('',*,*,#1614,.F.);
#2219=ORIENTED_EDGE('',*,*,#1642,.F.);
#2220=ORIENTED_EDGE('',*,*,#1637,.F.);
#2221=ORIENTED_EDGE('',*,*,#1636,.T.);
#2222=ORIENTED_EDGE('',*,*,#1641,.F.);
#2223=ORIENTED_EDGE('',*,*,#1643,.T.);
#2224=ORIENTED_EDGE('',*,*,#1615,.F.);
#2225=ORIENTED_EDGE('',*,*,#1644,.F.);
#2226=ORIENTED_EDGE('',*,*,#1645,.T.);
#2227=ORIENTED_EDGE('',*,*,#1639,.F.);
#2228=ORIENTED_EDGE('',*,*,#1646,.F.);
#2229=ORIENTED_EDGE('',*,*,#1647,.F.);
#2230=ORIENTED_EDGE('',*,*,#1648,.T.);
#2231=ORIENTED_EDGE('',*,*,#1649,.F.);
#2232=ORIENTED_EDGE('',*,*,#1605,.T.);
#2233=ORIENTED_EDGE('',*,*,#1461,.F.);
#2234=ORIENTED_EDGE('',*,*,#1650,.F.);
#2235=ORIENTED_EDGE('',*,*,#1611,.F.);
#2236=ORIENTED_EDGE('',*,*,#1602,.T.);
#2237=ORIENTED_EDGE('',*,*,#1651,.F.);
#2238=ORIENTED_EDGE('',*,*,#1652,.F.);
#2239=ORIENTED_EDGE('',*,*,#1612,.F.);
#2240=ORIENTED_EDGE('',*,*,#1652,.T.);
#2241=ORIENTED_EDGE('',*,*,#1653,.F.);
#2242=ORIENTED_EDGE('',*,*,#1654,.F.);
#2243=ORIENTED_EDGE('',*,*,#1655,.F.);
#2244=ORIENTED_EDGE('',*,*,#1606,.T.);
#2245=ORIENTED_EDGE('',*,*,#1649,.T.);
#2246=ORIENTED_EDGE('',*,*,#1656,.T.);
#2247=ORIENTED_EDGE('',*,*,#1653,.T.);
#2248=ORIENTED_EDGE('',*,*,#1651,.T.);
#2249=ORIENTED_EDGE('',*,*,#1657,.F.);
#2250=ORIENTED_EDGE('',*,*,#1658,.T.);
#2251=ORIENTED_EDGE('',*,*,#1469,.F.);
#2252=ORIENTED_EDGE('',*,*,#1625,.F.);
#2253=ORIENTED_EDGE('',*,*,#1659,.F.);
#2254=ORIENTED_EDGE('',*,*,#1660,.F.);
#2255=ORIENTED_EDGE('',*,*,#1621,.F.);
#2256=ORIENTED_EDGE('',*,*,#1661,.F.);
#2257=ORIENTED_EDGE('',*,*,#1660,.T.);
#2258=ORIENTED_EDGE('',*,*,#1662,.F.);
#2259=ORIENTED_EDGE('',*,*,#1663,.F.);
#2260=ORIENTED_EDGE('',*,*,#1622,.F.);
#2261=ORIENTED_EDGE('',*,*,#1663,.T.);
#2262=ORIENTED_EDGE('',*,*,#1664,.F.);
#2263=ORIENTED_EDGE('',*,*,#1626,.F.);
#2264=ORIENTED_EDGE('',*,*,#1624,.T.);
#2265=ORIENTED_EDGE('',*,*,#1664,.T.);
#2266=ORIENTED_EDGE('',*,*,#1662,.T.);
#2267=ORIENTED_EDGE('',*,*,#1659,.T.);
#2268=ORIENTED_EDGE('',*,*,#1661,.T.);
#2269=ORIENTED_EDGE('',*,*,#1620,.F.);
#2270=ORIENTED_EDGE('',*,*,#1665,.T.);
#2271=ORIENTED_EDGE('',*,*,#1666,.F.);
#2272=ORIENTED_EDGE('',*,*,#1619,.F.);
#2273=ORIENTED_EDGE('',*,*,#1667,.T.);
#2274=ORIENTED_EDGE('',*,*,#1668,.F.);
#2275=ORIENTED_EDGE('',*,*,#1669,.F.);
#2276=ORIENTED_EDGE('',*,*,#1665,.F.);
#2277=ORIENTED_EDGE('',*,*,#1670,.F.);
#2278=ORIENTED_EDGE('',*,*,#1669,.T.);
#2279=ORIENTED_EDGE('',*,*,#1671,.F.);
#2280=ORIENTED_EDGE('',*,*,#1672,.F.);
#2281=ORIENTED_EDGE('',*,*,#1617,.F.);
#2282=ORIENTED_EDGE('',*,*,#1673,.T.);
#2283=ORIENTED_EDGE('',*,*,#1674,.T.);
#2284=ORIENTED_EDGE('',*,*,#1675,.F.);
#2285=ORIENTED_EDGE('',*,*,#1676,.F.);
#2286=ORIENTED_EDGE('',*,*,#1618,.F.);
#2287=ORIENTED_EDGE('',*,*,#1676,.T.);
#2288=ORIENTED_EDGE('',*,*,#1677,.F.);
#2289=ORIENTED_EDGE('',*,*,#1667,.F.);
#2290=ORIENTED_EDGE('',*,*,#1677,.T.);
#2291=ORIENTED_EDGE('',*,*,#1675,.T.);
#2292=ORIENTED_EDGE('',*,*,#1678,.T.);
#2293=ORIENTED_EDGE('',*,*,#1671,.T.);
#2294=ORIENTED_EDGE('',*,*,#1668,.T.);
#2295=ORIENTED_EDGE('',*,*,#1613,.F.);
#2296=ORIENTED_EDGE('',*,*,#1655,.T.);
#2297=ORIENTED_EDGE('',*,*,#1679,.F.);
#2298=ORIENTED_EDGE('',*,*,#1646,.T.);
#2299=ORIENTED_EDGE('',*,*,#1638,.F.);
#2300=ORIENTED_EDGE('',*,*,#1642,.T.);
#2301=ORIENTED_EDGE('',*,*,#1616,.F.);
#2302=ORIENTED_EDGE('',*,*,#1643,.F.);
#2303=ORIENTED_EDGE('',*,*,#1640,.F.);
#2304=ORIENTED_EDGE('',*,*,#1645,.F.);
#2305=ORIENTED_EDGE('',*,*,#1680,.F.);
#2306=ORIENTED_EDGE('',*,*,#1673,.F.);
#2307=ORIENTED_EDGE('',*,*,#1681,.T.);
#2308=ORIENTED_EDGE('',*,*,#1680,.T.);
#2309=ORIENTED_EDGE('',*,*,#1644,.T.);
#2310=ORIENTED_EDGE('',*,*,#1679,.T.);
#2311=ORIENTED_EDGE('',*,*,#1681,.F.);
#2312=ORIENTED_EDGE('',*,*,#1654,.T.);
#2313=ORIENTED_EDGE('',*,*,#1656,.F.);
#2314=ORIENTED_EDGE('',*,*,#1648,.F.);
#2315=ORIENTED_EDGE('',*,*,#1682,.F.);
#2316=ORIENTED_EDGE('',*,*,#1672,.T.);
#2317=ORIENTED_EDGE('',*,*,#1678,.F.);
#2318=ORIENTED_EDGE('',*,*,#1674,.F.);
#2319=ORIENTED_EDGE('',*,*,#1683,.T.);
#2320=ORIENTED_EDGE('',*,*,#1657,.T.);
#2321=ORIENTED_EDGE('',*,*,#1666,.T.);
#2322=ORIENTED_EDGE('',*,*,#1670,.T.);
#2323=ORIENTED_EDGE('',*,*,#1682,.T.);
#2324=ORIENTED_EDGE('',*,*,#1647,.T.);
#2325=ORIENTED_EDGE('',*,*,#1444,.T.);
#2326=ORIENTED_EDGE('',*,*,#1684,.T.);
#2327=ORIENTED_EDGE('',*,*,#1685,.T.);
#2328=ORIENTED_EDGE('',*,*,#1686,.T.);
#2329=ORIENTED_EDGE('',*,*,#1395,.T.);
#2330=ORIENTED_EDGE('',*,*,#1687,.T.);
#2331=ORIENTED_EDGE('',*,*,#1688,.T.);
#2332=ORIENTED_EDGE('',*,*,#1689,.F.);
#2333=ORIENTED_EDGE('',*,*,#1690,.F.);
#2334=ORIENTED_EDGE('',*,*,#1691,.T.);
#2335=ORIENTED_EDGE('',*,*,#1692,.T.);
#2336=ORIENTED_EDGE('',*,*,#1397,.T.);
#2337=ORIENTED_EDGE('',*,*,#1693,.F.);
#2338=ORIENTED_EDGE('',*,*,#1694,.F.);
#2339=ORIENTED_EDGE('',*,*,#1695,.T.);
#2340=ORIENTED_EDGE('',*,*,#1411,.F.);
#2341=ORIENTED_EDGE('',*,*,#1589,.F.);
#2342=ORIENTED_EDGE('',*,*,#1696,.F.);
#2343=ORIENTED_EDGE('',*,*,#1688,.F.);
#2344=ORIENTED_EDGE('',*,*,#1697,.T.);
#2345=ORIENTED_EDGE('',*,*,#1698,.F.);
#2346=ORIENTED_EDGE('',*,*,#1689,.T.);
#2347=ORIENTED_EDGE('',*,*,#1696,.T.);
#2348=ORIENTED_EDGE('',*,*,#1588,.F.);
#2349=ORIENTED_EDGE('',*,*,#1699,.F.);
#2350=ORIENTED_EDGE('',*,*,#1690,.T.);
#2351=ORIENTED_EDGE('',*,*,#1699,.T.);
#2352=ORIENTED_EDGE('',*,*,#1587,.F.);
#2353=ORIENTED_EDGE('',*,*,#1700,.F.);
#2354=ORIENTED_EDGE('',*,*,#1701,.T.);
#2355=ORIENTED_EDGE('',*,*,#1585,.F.);
#2356=ORIENTED_EDGE('',*,*,#1702,.F.);
#2357=ORIENTED_EDGE('',*,*,#1703,.F.);
#2358=ORIENTED_EDGE('',*,*,#1702,.T.);
#2359=ORIENTED_EDGE('',*,*,#1584,.F.);
#2360=ORIENTED_EDGE('',*,*,#1596,.F.);
#2361=ORIENTED_EDGE('',*,*,#1704,.F.);
#2362=ORIENTED_EDGE('',*,*,#1581,.F.);
#2363=ORIENTED_EDGE('',*,*,#1392,.F.);
#2364=ORIENTED_EDGE('',*,*,#1705,.F.);
#2365=ORIENTED_EDGE('',*,*,#1597,.T.);
#2366=ORIENTED_EDGE('',*,*,#1693,.T.);
#2367=ORIENTED_EDGE('',*,*,#1396,.T.);
#2368=ORIENTED_EDGE('',*,*,#1686,.F.);
#2369=ORIENTED_EDGE('',*,*,#1706,.F.);
#2370=ORIENTED_EDGE('',*,*,#1694,.T.);
#2371=ORIENTED_EDGE('',*,*,#1706,.T.);
#2372=ORIENTED_EDGE('',*,*,#1685,.F.);
#2373=ORIENTED_EDGE('',*,*,#1707,.F.);
#2374=ORIENTED_EDGE('',*,*,#1695,.F.);
#2375=ORIENTED_EDGE('',*,*,#1707,.T.);
#2376=ORIENTED_EDGE('',*,*,#1684,.F.);
#2377=ORIENTED_EDGE('',*,*,#1443,.F.);
#2378=ORIENTED_EDGE('',*,*,#1708,.F.);
#2379=ORIENTED_EDGE('',*,*,#1709,.F.);
#2380=ORIENTED_EDGE('',*,*,#1708,.T.);
#2381=ORIENTED_EDGE('',*,*,#1710,.T.);
#2382=ORIENTED_EDGE('',*,*,#1711,.T.);
#2383=ORIENTED_EDGE('',*,*,#1698,.T.);
#2384=ORIENTED_EDGE('',*,*,#1712,.T.);
#2385=ORIENTED_EDGE('',*,*,#1713,.T.);
#2386=ORIENTED_EDGE('',*,*,#1412,.T.);
#2387=ORIENTED_EDGE('',*,*,#1704,.T.);
#2388=ORIENTED_EDGE('',*,*,#1714,.T.);
#2389=ORIENTED_EDGE('',*,*,#1715,.T.);
#2390=ORIENTED_EDGE('',*,*,#1716,.T.);
#2391=ORIENTED_EDGE('',*,*,#1717,.T.);
#2392=ORIENTED_EDGE('',*,*,#1718,.T.);
#2393=ORIENTED_EDGE('',*,*,#1387,.T.);
#2394=ORIENTED_EDGE('',*,*,#1719,.T.);
#2395=ORIENTED_EDGE('',*,*,#1703,.T.);
#2396=ORIENTED_EDGE('',*,*,#1720,.F.);
#2397=ORIENTED_EDGE('',*,*,#1721,.T.);
#2398=ORIENTED_EDGE('',*,*,#1722,.F.);
#2399=ORIENTED_EDGE('',*,*,#1721,.F.);
#2400=ORIENTED_EDGE('',*,*,#1720,.T.);
#2401=ORIENTED_EDGE('',*,*,#1723,.F.);
#2402=ORIENTED_EDGE('',*,*,#1724,.F.);
#2403=ORIENTED_EDGE('',*,*,#1725,.T.);
#2404=ORIENTED_EDGE('',*,*,#1723,.T.);
#2405=ORIENTED_EDGE('',*,*,#1725,.F.);
#2406=ORIENTED_EDGE('',*,*,#1550,.T.);
#2407=ORIENTED_EDGE('',*,*,#1726,.T.);
#2408=ORIENTED_EDGE('',*,*,#1727,.F.);
#2409=ORIENTED_EDGE('',*,*,#1726,.F.);
#2410=ORIENTED_EDGE('',*,*,#1728,.F.);
#2411=ORIENTED_EDGE('',*,*,#1729,.T.);
#2412=ORIENTED_EDGE('',*,*,#1730,.F.);
#2413=ORIENTED_EDGE('',*,*,#1729,.F.);
#2414=ORIENTED_EDGE('',*,*,#1728,.T.);
#2415=ORIENTED_EDGE('',*,*,#1731,.F.);
#2416=ORIENTED_EDGE('',*,*,#1732,.F.);
#2417=ORIENTED_EDGE('',*,*,#1733,.T.);
#2418=ORIENTED_EDGE('',*,*,#1531,.T.);
#2419=ORIENTED_EDGE('',*,*,#1733,.F.);
#2420=ORIENTED_EDGE('',*,*,#1731,.T.);
#2421=ORIENTED_EDGE('',*,*,#1734,.T.);
#2422=ORIENTED_EDGE('',*,*,#1735,.F.);
#2423=ORIENTED_EDGE('',*,*,#1734,.F.);
#2424=ORIENTED_EDGE('',*,*,#1736,.F.);
#2425=ORIENTED_EDGE('',*,*,#1737,.T.);
#2426=ORIENTED_EDGE('',*,*,#1738,.F.);
#2427=ORIENTED_EDGE('',*,*,#1739,.F.);
#2428=ORIENTED_EDGE('',*,*,#1730,.T.);
#2429=ORIENTED_EDGE('',*,*,#1740,.F.);
#2430=ORIENTED_EDGE('',*,*,#1739,.T.);
#2431=ORIENTED_EDGE('',*,*,#1741,.F.);
#2432=ORIENTED_EDGE('',*,*,#1742,.F.);
#2433=ORIENTED_EDGE('',*,*,#1743,.F.);
#2434=ORIENTED_EDGE('',*,*,#1742,.T.);
#2435=ORIENTED_EDGE('',*,*,#1744,.F.);
#2436=ORIENTED_EDGE('',*,*,#1745,.F.);
#2437=ORIENTED_EDGE('',*,*,#1735,.T.);
#2438=ORIENTED_EDGE('',*,*,#1390,.T.);
#2439=ORIENTED_EDGE('',*,*,#1746,.F.);
#2440=ORIENTED_EDGE('',*,*,#1745,.T.);
#2441=ORIENTED_EDGE('',*,*,#1747,.F.);
#2442=ORIENTED_EDGE('',*,*,#1748,.F.);
#2443=ORIENTED_EDGE('',*,*,#1398,.T.);
#2444=ORIENTED_EDGE('',*,*,#1692,.F.);
#2445=ORIENTED_EDGE('',*,*,#1709,.T.);
#2446=ORIENTED_EDGE('',*,*,#1711,.F.);
#2447=ORIENTED_EDGE('',*,*,#1749,.F.);
#2448=ORIENTED_EDGE('',*,*,#1732,.T.);
#2449=ORIENTED_EDGE('',*,*,#1750,.F.);
#2450=ORIENTED_EDGE('',*,*,#1749,.T.);
#2451=ORIENTED_EDGE('',*,*,#1710,.F.);
#2452=ORIENTED_EDGE('',*,*,#1442,.F.);
#2453=ORIENTED_EDGE('',*,*,#1751,.F.);
#2454=ORIENTED_EDGE('',*,*,#1413,.T.);
#2455=ORIENTED_EDGE('',*,*,#1713,.F.);
#2456=ORIENTED_EDGE('',*,*,#1752,.F.);
#2457=ORIENTED_EDGE('',*,*,#1753,.T.);
#2458=ORIENTED_EDGE('',*,*,#1752,.T.);
#2459=ORIENTED_EDGE('',*,*,#1712,.F.);
#2460=ORIENTED_EDGE('',*,*,#1697,.F.);
#2461=ORIENTED_EDGE('',*,*,#1687,.F.);
#2462=ORIENTED_EDGE('',*,*,#1754,.F.);
#2463=ORIENTED_EDGE('',*,*,#1727,.T.);
#2464=ORIENTED_EDGE('',*,*,#1386,.T.);
#2465=ORIENTED_EDGE('',*,*,#1755,.F.);
#2466=ORIENTED_EDGE('',*,*,#1754,.T.);
#2467=ORIENTED_EDGE('',*,*,#1691,.F.);
#2468=ORIENTED_EDGE('',*,*,#1700,.T.);
#2469=ORIENTED_EDGE('',*,*,#1586,.F.);
#2470=ORIENTED_EDGE('',*,*,#1701,.F.);
#2471=ORIENTED_EDGE('',*,*,#1719,.F.);
#2472=ORIENTED_EDGE('',*,*,#1756,.F.);
#2473=ORIENTED_EDGE('',*,*,#1388,.T.);
#2474=ORIENTED_EDGE('',*,*,#1718,.F.);
#2475=ORIENTED_EDGE('',*,*,#1757,.F.);
#2476=ORIENTED_EDGE('',*,*,#1724,.T.);
#2477=ORIENTED_EDGE('',*,*,#1758,.F.);
#2478=ORIENTED_EDGE('',*,*,#1757,.T.);
#2479=ORIENTED_EDGE('',*,*,#1717,.F.);
#2480=ORIENTED_EDGE('',*,*,#1759,.F.);
#2481=ORIENTED_EDGE('',*,*,#1760,.F.);
#2482=ORIENTED_EDGE('',*,*,#1759,.T.);
#2483=ORIENTED_EDGE('',*,*,#1716,.F.);
#2484=ORIENTED_EDGE('',*,*,#1761,.F.);
#2485=ORIENTED_EDGE('',*,*,#1722,.T.);
#2486=ORIENTED_EDGE('',*,*,#1762,.T.);
#2487=ORIENTED_EDGE('',*,*,#1761,.T.);
#2488=ORIENTED_EDGE('',*,*,#1715,.F.);
#2489=ORIENTED_EDGE('',*,*,#1763,.F.);
#2490=ORIENTED_EDGE('',*,*,#1764,.T.);
#2491=ORIENTED_EDGE('',*,*,#1763,.T.);
#2492=ORIENTED_EDGE('',*,*,#1714,.F.);
#2493=ORIENTED_EDGE('',*,*,#1595,.F.);
#2494=ORIENTED_EDGE('',*,*,#1765,.F.);
#2495=ORIENTED_EDGE('',*,*,#1593,.T.);
#2496=ORIENTED_EDGE('',*,*,#1766,.F.);
#2497=ORIENTED_EDGE('',*,*,#1767,.F.);
#2498=ORIENTED_EDGE('',*,*,#1768,.T.);
#2499=ORIENTED_EDGE('',*,*,#1767,.T.);
#2500=ORIENTED_EDGE('',*,*,#1769,.F.);
#2501=ORIENTED_EDGE('',*,*,#1737,.F.);
#2502=ORIENTED_EDGE('',*,*,#1705,.T.);
#2503=ORIENTED_EDGE('',*,*,#1391,.T.);
#2504=ORIENTED_EDGE('',*,*,#1747,.T.);
#2505=ORIENTED_EDGE('',*,*,#1744,.T.);
#2506=ORIENTED_EDGE('',*,*,#1741,.T.);
#2507=ORIENTED_EDGE('',*,*,#1738,.T.);
#2508=ORIENTED_EDGE('',*,*,#1769,.T.);
#2509=ORIENTED_EDGE('',*,*,#1766,.T.);
#2510=ORIENTED_EDGE('',*,*,#1592,.T.);
#2511=ORIENTED_EDGE('',*,*,#1598,.T.);
#2512=ORIENTED_EDGE('',*,*,#1768,.F.);
#2513=ORIENTED_EDGE('',*,*,#1736,.T.);
#2514=ORIENTED_EDGE('',*,*,#1740,.T.);
#2515=ORIENTED_EDGE('',*,*,#1743,.T.);
#2516=ORIENTED_EDGE('',*,*,#1746,.T.);
#2517=ORIENTED_EDGE('',*,*,#1399,.T.);
#2518=ORIENTED_EDGE('',*,*,#1748,.T.);
#2519=ORIENTED_EDGE('',*,*,#1750,.T.);
#2520=ORIENTED_EDGE('',*,*,#1441,.T.);
#2521=ORIENTED_EDGE('',*,*,#1470,.F.);
#2522=ORIENTED_EDGE('',*,*,#1658,.F.);
#2523=ORIENTED_EDGE('',*,*,#1683,.F.);
#2524=ORIENTED_EDGE('',*,*,#1650,.T.);
#2525=ORIENTED_EDGE('',*,*,#1460,.F.);
#2526=ORIENTED_EDGE('',*,*,#1414,.T.);
#2527=ORIENTED_EDGE('',*,*,#1751,.T.);
#2528=ORIENTED_EDGE('',*,*,#1753,.F.);
#2529=ORIENTED_EDGE('',*,*,#1755,.T.);
#2530=ORIENTED_EDGE('',*,*,#1389,.T.);
#2531=ORIENTED_EDGE('',*,*,#1756,.T.);
#2532=ORIENTED_EDGE('',*,*,#1758,.T.);
#2533=ORIENTED_EDGE('',*,*,#1760,.T.);
#2534=ORIENTED_EDGE('',*,*,#1762,.F.);
#2535=ORIENTED_EDGE('',*,*,#1764,.F.);
#2536=ORIENTED_EDGE('',*,*,#1594,.T.);
#2537=ORIENTED_EDGE('',*,*,#1765,.T.);
#2538=CYLINDRICAL_SURFACE('',#2727,7.10000000000001);
#2539=CYLINDRICAL_SURFACE('',#2730,7.10000000000157);
#2540=CYLINDRICAL_SURFACE('',#2736,7.875);
#2541=CYLINDRICAL_SURFACE('',#2741,5.875);
#2542=CYLINDRICAL_SURFACE('',#2749,4.);
#2543=CYLINDRICAL_SURFACE('',#2751,4.);
#2544=CYLINDRICAL_SURFACE('',#2759,4.);
#2545=CYLINDRICAL_SURFACE('',#2766,1.);
#2546=CYLINDRICAL_SURFACE('',#2768,0.999999999999996);
#2547=CYLINDRICAL_SURFACE('',#2809,1.75);
#2548=CYLINDRICAL_SURFACE('',#2811,1.75);
#2549=CYLINDRICAL_SURFACE('',#2813,10.);
#2550=CYLINDRICAL_SURFACE('',#2815,26.);
#2551=CYLINDRICAL_SURFACE('',#2826,1.99999999999815);
#2552=CYLINDRICAL_SURFACE('',#2828,26.);
#2553=CYLINDRICAL_SURFACE('',#2842,1.8);
#2554=CYLINDRICAL_SURFACE('',#2881,7.1);
#2555=CYLINDRICAL_SURFACE('',#2883,9.10000000000002);
#2556=CYLINDRICAL_SURFACE('',#2886,2.99999999999927);
#2557=CYLINDRICAL_SURFACE('',#2890,9.10000000000028);
#2558=CYLINDRICAL_SURFACE('',#2891,15.5111430743156);
#2559=CYLINDRICAL_SURFACE('',#2901,4.);
#2560=CYLINDRICAL_SURFACE('',#2905,2.3);
#2561=CYLINDRICAL_SURFACE('',#2907,2.3);
#2562=CYLINDRICAL_SURFACE('',#2909,4.);
#2563=CYLINDRICAL_SURFACE('',#2913,2.3);
#2564=CYLINDRICAL_SURFACE('',#2915,2.3);
#2565=CYLINDRICAL_SURFACE('',#2917,28.3151822154639);
#2566=CYLINDRICAL_SURFACE('',#2922,7.10000000000157);
#2567=CYLINDRICAL_SURFACE('',#2926,6.10000000000114);
#2568=CYLINDRICAL_SURFACE('',#2928,6.10000000000001);
#2569=CYLINDRICAL_SURFACE('',#2931,7.10000000000001);
#2570=CYLINDRICAL_SURFACE('',#2935,28.3151822154028);
#2571=CYLINDRICAL_SURFACE('',#2937,9.10000000000022);
#2572=CYLINDRICAL_SURFACE('',#2939,9.09999999999996);
#2573=ADVANCED_FACE('',(#161),#2538,.F.);
#2574=ADVANCED_FACE('',(#162),#2539,.F.);
#2575=ADVANCED_FACE('',(#163),#2540,.T.);
#2576=ADVANCED_FACE('',(#164,#32),#60,.T.);
#2577=ADVANCED_FACE('',(#165),#2541,.F.);
#2578=ADVANCED_FACE('',(#166,#33),#61,.T.);
#2579=ADVANCED_FACE('',(#167),#62,.F.);
#2580=ADVANCED_FACE('',(#168),#63,.F.);
#2581=ADVANCED_FACE('',(#169),#64,.F.);
#2582=ADVANCED_FACE('',(#170),#65,.F.);
#2583=ADVANCED_FACE('',(#171),#2542,.T.);
#2584=ADVANCED_FACE('',(#172),#2543,.T.);
#2585=ADVANCED_FACE('',(#173),#24,.T.);
#2586=ADVANCED_FACE('',(#174,#34,#35,#36),#66,.T.);
#2587=ADVANCED_FACE('',(#175),#2544,.T.);
#2588=ADVANCED_FACE('',(#176),#67,.T.);
#2589=ADVANCED_FACE('',(#177),#68,.T.);
#2590=ADVANCED_FACE('',(#178,#37),#69,.T.);
#2591=ADVANCED_FACE('',(#179),#2545,.F.);
#2592=ADVANCED_FACE('',(#180),#2546,.F.);
#2593=ADVANCED_FACE('',(#181),#70,.F.);
#2594=ADVANCED_FACE('',(#182),#71,.F.);
#2595=ADVANCED_FACE('',(#183),#72,.F.);
#2596=ADVANCED_FACE('',(#184),#73,.F.);
#2597=ADVANCED_FACE('',(#185),#74,.T.);
#2598=ADVANCED_FACE('',(#186),#75,.T.);
#2599=ADVANCED_FACE('',(#187),#76,.T.);
#2600=ADVANCED_FACE('',(#188),#77,.T.);
#2601=ADVANCED_FACE('',(#189),#78,.T.);
#2602=ADVANCED_FACE('',(#190),#79,.T.);
#2603=ADVANCED_FACE('',(#191),#80,.T.);
#2604=ADVANCED_FACE('',(#192),#81,.T.);
#2605=ADVANCED_FACE('',(#193,#38),#82,.T.);
#2606=ADVANCED_FACE('',(#194,#39,#40),#83,.T.);
#2607=ADVANCED_FACE('',(#195),#84,.F.);
#2608=ADVANCED_FACE('',(#196),#85,.F.);
#2609=ADVANCED_FACE('',(#197),#86,.F.);
#2610=ADVANCED_FACE('',(#198),#87,.F.);
#2611=ADVANCED_FACE('',(#199),#88,.F.);
#2612=ADVANCED_FACE('',(#200),#89,.F.);
#2613=ADVANCED_FACE('',(#201,#41),#90,.T.);
#2614=ADVANCED_FACE('',(#202),#91,.F.);
#2615=ADVANCED_FACE('',(#203),#92,.F.);
#2616=ADVANCED_FACE('',(#204),#93,.F.);
#2617=ADVANCED_FACE('',(#205),#94,.F.);
#2618=ADVANCED_FACE('',(#206),#95,.F.);
#2619=ADVANCED_FACE('',(#207),#96,.F.);
#2620=ADVANCED_FACE('',(#208,#42),#97,.T.);
#2621=ADVANCED_FACE('',(#209),#98,.F.);
#2622=ADVANCED_FACE('',(#210,#43),#99,.F.);
#2623=ADVANCED_FACE('',(#211),#100,.F.);
#2624=ADVANCED_FACE('',(#212,#44),#101,.T.);
#2625=ADVANCED_FACE('',(#213),#102,.F.);
#2626=ADVANCED_FACE('',(#214),#2547,.F.);
#2627=ADVANCED_FACE('',(#215),#2548,.F.);
#2628=ADVANCED_FACE('',(#216),#103,.T.);
#2629=ADVANCED_FACE('',(#217,#45),#2549,.F.);
#2630=ADVANCED_FACE('',(#218),#2550,.T.);
#2631=ADVANCED_FACE('',(#219),#23,.T.);
#2632=ADVANCED_FACE('',(#220),#104,.T.);
#2633=ADVANCED_FACE('',(#221),#105,.T.);
#2634=ADVANCED_FACE('',(#222),#2551,.T.);
#2635=ADVANCED_FACE('',(#223),#2552,.F.);
#2636=ADVANCED_FACE('',(#224,#46,#47,#48),#106,.T.);
#2637=ADVANCED_FACE('',(#225),#107,.T.);
#2638=ADVANCED_FACE('',(#226,#49,#50,#51),#108,.T.);
#2639=ADVANCED_FACE('',(#227),#109,.T.);
#2640=ADVANCED_FACE('',(#228),#110,.T.);
#2641=ADVANCED_FACE('',(#229),#111,.T.);
#2642=ADVANCED_FACE('',(#230),#112,.F.);
#2643=ADVANCED_FACE('',(#231),#113,.T.);
#2644=ADVANCED_FACE('',(#232),#114,.T.);
#2645=ADVANCED_FACE('',(#233),#115,.T.);
#2646=ADVANCED_FACE('',(#234),#116,.F.);
#2647=ADVANCED_FACE('',(#235),#2553,.T.);
#2648=ADVANCED_FACE('',(#236),#117,.T.);
#2649=ADVANCED_FACE('',(#237),#118,.T.);
#2650=ADVANCED_FACE('',(#238),#119,.F.);
#2651=ADVANCED_FACE('',(#239),#120,.F.);
#2652=ADVANCED_FACE('',(#240),#121,.T.);
#2653=ADVANCED_FACE('',(#241),#122,.T.);
#2654=ADVANCED_FACE('',(#242),#123,.T.);
#2655=ADVANCED_FACE('',(#243),#124,.T.);
#2656=ADVANCED_FACE('',(#244),#125,.T.);
#2657=ADVANCED_FACE('',(#245),#126,.T.);
#2658=ADVANCED_FACE('',(#246),#127,.T.);
#2659=ADVANCED_FACE('',(#247),#128,.T.);
#2660=ADVANCED_FACE('',(#248),#129,.T.);
#2661=ADVANCED_FACE('',(#249),#130,.T.);
#2662=ADVANCED_FACE('',(#250),#131,.T.);
#2663=ADVANCED_FACE('',(#251),#132,.T.);
#2664=ADVANCED_FACE('',(#252),#133,.T.);
#2665=ADVANCED_FACE('',(#253),#134,.T.);
#2666=ADVANCED_FACE('',(#254),#135,.T.);
#2667=ADVANCED_FACE('',(#255),#136,.T.);
#2668=ADVANCED_FACE('',(#256),#137,.T.);
#2669=ADVANCED_FACE('',(#257),#138,.T.);
#2670=ADVANCED_FACE('',(#258),#139,.T.);
#2671=ADVANCED_FACE('',(#259),#140,.T.);
#2672=ADVANCED_FACE('',(#260),#141,.T.);
#2673=ADVANCED_FACE('',(#261),#142,.F.);
#2674=ADVANCED_FACE('',(#262),#143,.F.);
#2675=ADVANCED_FACE('',(#263),#2554,.F.);
#2676=ADVANCED_FACE('',(#264),#2555,.T.);
#2677=ADVANCED_FACE('',(#265),#144,.T.);
#2678=ADVANCED_FACE('',(#266),#145,.T.);
#2679=ADVANCED_FACE('',(#267),#2556,.T.);
#2680=ADVANCED_FACE('',(#268),#146,.T.);
#2681=ADVANCED_FACE('',(#269),#147,.T.);
#2682=ADVANCED_FACE('',(#270),#2557,.T.);
#2683=ADVANCED_FACE('',(#271),#2558,.F.);
#2684=ADVANCED_FACE('',(#272),#148,.T.);
#2685=ADVANCED_FACE('',(#273),#149,.T.);
#2686=ADVANCED_FACE('',(#274),#150,.T.);
#2687=ADVANCED_FACE('',(#275),#2559,.F.);
#2688=ADVANCED_FACE('',(#276,#52),#151,.T.);
#2689=ADVANCED_FACE('',(#277),#2560,.F.);
#2690=ADVANCED_FACE('',(#278),#2561,.F.);
#2691=ADVANCED_FACE('',(#279),#2562,.F.);
#2692=ADVANCED_FACE('',(#280,#53),#152,.T.);
#2693=ADVANCED_FACE('',(#281),#2563,.F.);
#2694=ADVANCED_FACE('',(#282),#2564,.F.);
#2695=ADVANCED_FACE('',(#283,#54),#2565,.F.);
#2696=ADVANCED_FACE('',(#284),#153,.T.);
#2697=ADVANCED_FACE('',(#285,#55),#154,.T.);
#2698=ADVANCED_FACE('',(#286),#2566,.F.);
#2699=ADVANCED_FACE('',(#287,#56),#155,.T.);
#2700=ADVANCED_FACE('',(#288),#2567,.F.);
#2701=ADVANCED_FACE('',(#289),#2568,.F.);
#2702=ADVANCED_FACE('',(#290,#57),#156,.T.);
#2703=ADVANCED_FACE('',(#291),#2569,.F.);
#2704=ADVANCED_FACE('',(#292,#58),#157,.T.);
#2705=ADVANCED_FACE('',(#293),#158,.T.);
#2706=ADVANCED_FACE('',(#294,#59),#2570,.F.);
#2707=ADVANCED_FACE('',(#295),#2571,.T.);
#2708=ADVANCED_FACE('',(#296),#15,.T.);
#2709=ADVANCED_FACE('',(#297),#16,.T.);
#2710=ADVANCED_FACE('',(#298),#2572,.T.);
#2711=ADVANCED_FACE('',(#299),#159,.T.);
#2712=ADVANCED_FACE('',(#300),#160,.F.);
#2713=CLOSED_SHELL('',(#2573,#2574,#2575,#2576,#2577,#2578,#2579,#2580,
#2581,#2582,#2583,#2584,#2585,#2586,#2587,#2588,#2589,#2590,#2591,#2592,
#2593,#2594,#2595,#2596,#2597,#2598,#2599,#2600,#2601,#2602,#2603,#2604,
#2605,#2606,#2607,#2608,#2609,#2610,#2611,#2612,#2613,#2614,#2615,#2616,
#2617,#2618,#2619,#2620,#2621,#2622,#2623,#2624,#2625,#2626,#2627,#2628,
#2629,#2630,#2631,#2632,#2633,#2634,#2635,#2636,#2637,#2638,#2639,#2640,
#2641,#2642,#2643,#2644,#2645,#2646,#2647,#2648,#2649,#2650,#2651,#2652,
#2653,#2654,#2655,#2656,#2657,#2658,#2659,#2660,#2661,#2662,#2663,#2664,
#2665,#2666,#2667,#2668,#2669,#2670,#2671,#2672,#2673,#2674,#2675,#2676,
#2677,#2678,#2679,#2680,#2681,#2682,#2683,#2684,#2685,#2686,#2687,#2688,
#2689,#2690,#2691,#2692,#2693,#2694,#2695,#2696,#2697,#2698,#2699,#2700,
#2701,#2702,#2703,#2704,#2705,#2706,#2707,#2708,#2709,#2710,#2711,#2712));
#2714=DERIVED_UNIT_ELEMENT(#2716,1.);
#2715=DERIVED_UNIT_ELEMENT(#4618,-3.);
#2716=(
MASS_UNIT()
NAMED_UNIT(*)
SI_UNIT(.KILO.,.GRAM.)
);
#2717=DERIVED_UNIT((#2714,#2715));
#2718=MEASURE_REPRESENTATION_ITEM('density measure',
POSITIVE_RATIO_MEASURE(7850.),#2717);
#2719=PROPERTY_DEFINITION_REPRESENTATION(#2724,#2721);
#2720=PROPERTY_DEFINITION_REPRESENTATION(#2725,#2722);
#2721=REPRESENTATION('material name',(#2723),#4615);
#2722=REPRESENTATION('density',(#2718),#4615);
#2723=DESCRIPTIVE_REPRESENTATION_ITEM('Steel','Steel');
#2724=PROPERTY_DEFINITION('material property','material name',#4625);
#2725=PROPERTY_DEFINITION('material property','density of part',#4625);
#2726=AXIS2_PLACEMENT_3D('',#3674,#2944,#2945);
#2727=AXIS2_PLACEMENT_3D('',#3675,#2946,#2947);
#2728=AXIS2_PLACEMENT_3D('',#3680,#2949,#2950);
#2729=AXIS2_PLACEMENT_3D('',#3683,#2952,#2953);
#2730=AXIS2_PLACEMENT_3D('',#3684,#2954,#2955);
#2731=AXIS2_PLACEMENT_3D('',#3689,#2957,#2958);
#2732=AXIS2_PLACEMENT_3D('',#3693,#2960,#2961);
#2733=AXIS2_PLACEMENT_3D('',#3697,#2963,#2964);
#2734=AXIS2_PLACEMENT_3D('',#3701,#2966,#2967);
#2735=AXIS2_PLACEMENT_3D('',#3704,#2969,#2970);
#2736=AXIS2_PLACEMENT_3D('',#3705,#2971,#2972);
#2737=AXIS2_PLACEMENT_3D('',#3707,#2973,#2974);
#2738=AXIS2_PLACEMENT_3D('',#3710,#2976,#2977);
#2739=AXIS2_PLACEMENT_3D('',#3711,#2978,#2979);
#2740=AXIS2_PLACEMENT_3D('',#3713,#2980,#2981);
#2741=AXIS2_PLACEMENT_3D('',#3714,#2982,#2983);
#2742=AXIS2_PLACEMENT_3D('',#3718,#2985,#2986);
#2743=AXIS2_PLACEMENT_3D('',#3739,#2987,#2988);
#2744=AXIS2_PLACEMENT_3D('',#3740,#2989,#2990);
#2745=AXIS2_PLACEMENT_3D('',#3766,#3004,#3005);
#2746=AXIS2_PLACEMENT_3D('',#3772,#3009,#3010);
#2747=AXIS2_PLACEMENT_3D('',#3776,#3013,#3014);
#2748=AXIS2_PLACEMENT_3D('',#3780,#3017,#3018);
#2749=AXIS2_PLACEMENT_3D('',#3782,#3020,#3021);
#2750=AXIS2_PLACEMENT_3D('',#3785,#3022,#3023);
#2751=AXIS2_PLACEMENT_3D('',#3798,#3026,#3027);
#2752=AXIS2_PLACEMENT_3D('',#3801,#3028,#3029);
#2753=AXIS2_PLACEMENT_3D('',#3804,#3031,#3032);
#2754=AXIS2_PLACEMENT_3D('',#3806,#3034,#3035);
#2755=AXIS2_PLACEMENT_3D('',#3807,#3036,#3037);
#2756=AXIS2_PLACEMENT_3D('',#3808,#3038,#3039);
#2757=AXIS2_PLACEMENT_3D('',#3822,#3047,#3048);
#2758=AXIS2_PLACEMENT_3D('',#3824,#3049,#3050);
#2759=AXIS2_PLACEMENT_3D('',#3833,#3055,#3056);
#2760=AXIS2_PLACEMENT_3D('',#3836,#3058,#3059);
#2761=AXIS2_PLACEMENT_3D('',#3837,#3060,#3061);
#2762=AXIS2_PLACEMENT_3D('',#3841,#3064,#3065);
#2763=AXIS2_PLACEMENT_3D('',#3847,#3069,#3070);
#2764=AXIS2_PLACEMENT_3D('',#3850,#3072,#3073);
#2765=AXIS2_PLACEMENT_3D('',#3873,#3085,#3086);
#2766=AXIS2_PLACEMENT_3D('',#3874,#3087,#3088);
#2767=AXIS2_PLACEMENT_3D('',#3876,#3089,#3090);
#2768=AXIS2_PLACEMENT_3D('',#3878,#3092,#3093);
#2769=AXIS2_PLACEMENT_3D('',#3880,#3094,#3095);
#2770=AXIS2_PLACEMENT_3D('',#3882,#3097,#3098);
#2771=AXIS2_PLACEMENT_3D('',#3888,#3102,#3103);
#2772=AXIS2_PLACEMENT_3D('',#3892,#3106,#3107);
#2773=AXIS2_PLACEMENT_3D('',#3896,#3110,#3111);
#2774=AXIS2_PLACEMENT_3D('',#3898,#3113,#3114);
#2775=AXIS2_PLACEMENT_3D('',#3907,#3119,#3120);
#2776=AXIS2_PLACEMENT_3D('',#3913,#3124,#3125);
#2777=AXIS2_PLACEMENT_3D('',#3919,#3129,#3130);
#2778=AXIS2_PLACEMENT_3D('',#3922,#3133,#3134);
#2779=AXIS2_PLACEMENT_3D('',#3931,#3139,#3140);
#2780=AXIS2_PLACEMENT_3D('',#3937,#3144,#3145);
#2781=AXIS2_PLACEMENT_3D('',#3943,#3149,#3150);
#2782=AXIS2_PLACEMENT_3D('',#3946,#3153,#3154);
#2783=AXIS2_PLACEMENT_3D('',#3947,#3155,#3156);
#2784=AXIS2_PLACEMENT_3D('',#3969,#3168,#3169);
#2785=AXIS2_PLACEMENT_3D('',#3975,#3173,#3174);
#2786=AXIS2_PLACEMENT_3D('',#3979,#3177,#3178);
#2787=AXIS2_PLACEMENT_3D('',#3983,#3181,#3182);
#2788=AXIS2_PLACEMENT_3D('',#3987,#3185,#3186);
#2789=AXIS2_PLACEMENT_3D('',#3991,#3189,#3190);
#2790=AXIS2_PLACEMENT_3D('',#3993,#3192,#3193);
#2791=AXIS2_PLACEMENT_3D('',#3995,#3194,#3195);
#2792=AXIS2_PLACEMENT_3D('',#3996,#3196,#3197);
#2793=AXIS2_PLACEMENT_3D('',#4005,#3202,#3203);
#2794=AXIS2_PLACEMENT_3D('',#4011,#3207,#3208);
#2795=AXIS2_PLACEMENT_3D('',#4017,#3212,#3213);
#2796=AXIS2_PLACEMENT_3D('',#4023,#3217,#3218);
#2797=AXIS2_PLACEMENT_3D('',#4029,#3222,#3223);
#2798=AXIS2_PLACEMENT_3D('',#4032,#3226,#3227);
#2799=AXIS2_PLACEMENT_3D('',#4034,#3228,#3229);
#2800=AXIS2_PLACEMENT_3D('',#4035,#3230,#3231);
#2801=AXIS2_PLACEMENT_3D('',#4044,#3236,#3237);
#2802=AXIS2_PLACEMENT_3D('',#4046,#3238,#3239);
#2803=AXIS2_PLACEMENT_3D('',#4053,#3243,#3244);
#2804=AXIS2_PLACEMENT_3D('',#4054,#3245,#3246);
#2805=AXIS2_PLACEMENT_3D('',#4060,#3250,#3251);
#2806=AXIS2_PLACEMENT_3D('',#4061,#3252,#3253);
#2807=AXIS2_PLACEMENT_3D('',#4066,#3256,#3257);
#2808=AXIS2_PLACEMENT_3D('',#4067,#3258,#3259);
#2809=AXIS2_PLACEMENT_3D('',#4074,#3264,#3265);
#2810=AXIS2_PLACEMENT_3D('',#4077,#3267,#3268);
#2811=AXIS2_PLACEMENT_3D('',#4078,#3269,#3270);
#2812=AXIS2_PLACEMENT_3D('',#4080,#3272,#3273);
#2813=AXIS2_PLACEMENT_3D('',#4081,#3274,#3275);
#2814=AXIS2_PLACEMENT_3D('',#4084,#3277,#3278);
#2815=AXIS2_PLACEMENT_3D('',#4085,#3279,#3280);
#2816=AXIS2_PLACEMENT_3D('',#4087,#3281,#3282);
#2817=AXIS2_PLACEMENT_3D('',#4090,#3284,#3285);
#2818=AXIS2_PLACEMENT_3D('',#4091,#3286,#3287);
#2819=AXIS2_PLACEMENT_3D('',#4108,#3288,#3289);
#2820=AXIS2_PLACEMENT_3D('',#4144,#3290,#3291);
#2821=AXIS2_PLACEMENT_3D('',#4148,#3293,#3294);
#2822=AXIS2_PLACEMENT_3D('',#4152,#3296,#3297);
#2823=AXIS2_PLACEMENT_3D('',#4156,#3299,#3300);
#2824=AXIS2_PLACEMENT_3D('',#4157,#3301,#3302);
#2825=AXIS2_PLACEMENT_3D('',#4159,#3304,#3305);
#2826=AXIS2_PLACEMENT_3D('',#4171,#3312,#3313);
#2827=AXIS2_PLACEMENT_3D('',#4174,#3315,#3316);
#2828=AXIS2_PLACEMENT_3D('',#4175,#3317,#3318);
#2829=AXIS2_PLACEMENT_3D('',#4177,#3319,#3320);
#2830=AXIS2_PLACEMENT_3D('',#4179,#3321,#3322);
#2831=AXIS2_PLACEMENT_3D('',#4181,#3324,#3325);
#2832=AXIS2_PLACEMENT_3D('',#4182,#3326,#3327);
#2833=AXIS2_PLACEMENT_3D('',#4192,#3333,#3334);
#2834=AXIS2_PLACEMENT_3D('',#4198,#3338,#3339);
#2835=AXIS2_PLACEMENT_3D('',#4225,#3354,#3355);
#2836=AXIS2_PLACEMENT_3D('',#4231,#3359,#3360);
#2837=AXIS2_PLACEMENT_3D('',#4233,#3362,#3363);
#2838=AXIS2_PLACEMENT_3D('',#4237,#3366,#3367);
#2839=AXIS2_PLACEMENT_3D('',#4239,#3369,#3370);
#2840=AXIS2_PLACEMENT_3D('',#4240,#3371,#3372);
#2841=AXIS2_PLACEMENT_3D('',#4242,#3374,#3375);
#2842=AXIS2_PLACEMENT_3D('',#4243,#3376,#3377);
#2843=AXIS2_PLACEMENT_3D('',#4245,#3378,#3379);
#2844=AXIS2_PLACEMENT_3D('',#4248,#3381,#3382);
#2845=AXIS2_PLACEMENT_3D('',#4250,#3383,#3384);
#2846=AXIS2_PLACEMENT_3D('',#4251,#3385,#3386);
#2847=AXIS2_PLACEMENT_3D('',#4252,#3387,#3388);
#2848=AXIS2_PLACEMENT_3D('',#4253,#3389,#3390);
#2849=AXIS2_PLACEMENT_3D('',#4263,#3396,#3397);
#2850=AXIS2_PLACEMENT_3D('',#4265,#3399,#3400);
#2851=AXIS2_PLACEMENT_3D('',#4267,#3402,#3403);
#2852=AXIS2_PLACEMENT_3D('',#4273,#3407,#3408);
#2853=AXIS2_PLACEMENT_3D('',#4281,#3413,#3414);
#2854=AXIS2_PLACEMENT_3D('',#4285,#3417,#3418);
#2855=AXIS2_PLACEMENT_3D('',#4291,#3422,#3423);
#2856=AXIS2_PLACEMENT_3D('',#4293,#3425,#3426);
#2857=AXIS2_PLACEMENT_3D('',#4301,#3431,#3432);
#2858=AXIS2_PLACEMENT_3D('',#4306,#3436,#3437);
#2859=AXIS2_PLACEMENT_3D('',#4308,#3439,#3440);
#2860=AXIS2_PLACEMENT_3D('',#4309,#3441,#3442);
#2861=AXIS2_PLACEMENT_3D('',#4313,#3445,#3446);
#2862=AXIS2_PLACEMENT_3D('',#4319,#3450,#3451);
#2863=AXIS2_PLACEMENT_3D('',#4325,#3455,#3456);
#2864=AXIS2_PLACEMENT_3D('',#4333,#3461,#3462);
#2865=AXIS2_PLACEMENT_3D('',#4335,#3464,#3465);
#2866=AXIS2_PLACEMENT_3D('',#4337,#3467,#3468);
#2867=AXIS2_PLACEMENT_3D('',#4339,#3470,#3471);
#2868=AXIS2_PLACEMENT_3D('',#4341,#3473,#3474);
#2869=AXIS2_PLACEMENT_3D('',#4343,#3476,#3477);
#2870=AXIS2_PLACEMENT_3D('',#4345,#3479,#3480);
#2871=AXIS2_PLACEMENT_3D('',#4347,#3482,#3483);
#2872=AXIS2_PLACEMENT_3D('',#4349,#3484,#3485);
#2873=AXIS2_PLACEMENT_3D('',#4351,#3486,#3487);
#2874=AXIS2_PLACEMENT_3D('',#4353,#3489,#3490);
#2875=AXIS2_PLACEMENT_3D('',#4358,#3492,#3493);
#2876=AXIS2_PLACEMENT_3D('',#4360,#3494,#3495);
#2877=AXIS2_PLACEMENT_3D('',#4363,#3497,#3498);
#2878=AXIS2_PLACEMENT_3D('',#4364,#3499,#3500);
#2879=AXIS2_PLACEMENT_3D('',#4370,#3503,#3504);
#2880=AXIS2_PLACEMENT_3D('',#4371,#3505,#3506);
#2881=AXIS2_PLACEMENT_3D('',#4372,#3507,#3508);
#2882=AXIS2_PLACEMENT_3D('',#4376,#3511,#3512);
#2883=AXIS2_PLACEMENT_3D('',#4377,#3513,#3514);
#2884=AXIS2_PLACEMENT_3D('',#4379,#3516,#3517);
#2885=AXIS2_PLACEMENT_3D('',#4381,#3519,#3520);
#2886=AXIS2_PLACEMENT_3D('',#4387,#3524,#3525);
#2887=AXIS2_PLACEMENT_3D('',#4388,#3526,#3527);
#2888=AXIS2_PLACEMENT_3D('',#4389,#3528,#3529);
#2889=AXIS2_PLACEMENT_3D('',#4391,#3531,#3532);
#2890=AXIS2_PLACEMENT_3D('',#4393,#3534,#3535);
#2891=AXIS2_PLACEMENT_3D('',#4395,#3537,#3538);
#2892=AXIS2_PLACEMENT_3D('',#4397,#3539,#3540);
#2893=AXIS2_PLACEMENT_3D('',#4399,#3542,#3543);
#2894=AXIS2_PLACEMENT_3D('',#4401,#3544,#3545);
#2895=AXIS2_PLACEMENT_3D('',#4403,#3547,#3548);
#2896=AXIS2_PLACEMENT_3D('',#4406,#3550,#3551);
#2897=AXIS2_PLACEMENT_3D('',#4407,#3552,#3553);
#2898=AXIS2_PLACEMENT_3D('',#4414,#3554,#3555);
#2899=AXIS2_PLACEMENT_3D('',#4416,#3556,#3557);
#2900=AXIS2_PLACEMENT_3D('',#4420,#3560,#3561);
#2901=AXIS2_PLACEMENT_3D('',#4421,#3562,#3563);
#2902=AXIS2_PLACEMENT_3D('',#4423,#3564,#3565);
#2903=AXIS2_PLACEMENT_3D('',#4460,#3567,#3568);
#2904=AXIS2_PLACEMENT_3D('',#4462,#3569,#3570);
#2905=AXIS2_PLACEMENT_3D('',#4463,#3571,#3572);
#2906=AXIS2_PLACEMENT_3D('',#4465,#3573,#3574);
#2907=AXIS2_PLACEMENT_3D('',#4467,#3576,#3577);
#2908=AXIS2_PLACEMENT_3D('',#4470,#3579,#3580);
#2909=AXIS2_PLACEMENT_3D('',#4471,#3581,#3582);
#2910=AXIS2_PLACEMENT_3D('',#4473,#3583,#3584);
#2911=AXIS2_PLACEMENT_3D('',#4510,#3586,#3587);
#2912=AXIS2_PLACEMENT_3D('',#4512,#3588,#3589);
#2913=AXIS2_PLACEMENT_3D('',#4513,#3590,#3591);
#2914=AXIS2_PLACEMENT_3D('',#4515,#3592,#3593);
#2915=AXIS2_PLACEMENT_3D('',#4517,#3595,#3596);
#2916=AXIS2_PLACEMENT_3D('',#4520,#3598,#3599);
#2917=AXIS2_PLACEMENT_3D('',#4521,#3600,#3601);
#2918=AXIS2_PLACEMENT_3D('',#4524,#3602,#3603);
#2919=AXIS2_PLACEMENT_3D('',#4528,#3605,#3606);
#2920=AXIS2_PLACEMENT_3D('',#4530,#3608,#3609);
#2921=AXIS2_PLACEMENT_3D('',#4536,#3613,#3614);
#2922=AXIS2_PLACEMENT_3D('',#4542,#3618,#3619);
#2923=AXIS2_PLACEMENT_3D('',#4543,#3620,#3621);
#2924=AXIS2_PLACEMENT_3D('',#4544,#3622,#3623);
#2925=AXIS2_PLACEMENT_3D('',#4545,#3624,#3625);
#2926=AXIS2_PLACEMENT_3D('',#4549,#3628,#3629);
#2927=AXIS2_PLACEMENT_3D('',#4550,#3630,#3631);
#2928=AXIS2_PLACEMENT_3D('',#4551,#3632,#3633);
#2929=AXIS2_PLACEMENT_3D('',#4553,#3634,#3635);
#2930=AXIS2_PLACEMENT_3D('',#4555,#3637,#3638);
#2931=AXIS2_PLACEMENT_3D('',#4559,#3641,#3642);
#2932=AXIS2_PLACEMENT_3D('',#4560,#3643,#3644);
#2933=AXIS2_PLACEMENT_3D('',#4561,#3645,#3646);
#2934=AXIS2_PLACEMENT_3D('',#4565,#3649,#3650);
#2935=AXIS2_PLACEMENT_3D('',#4569,#3653,#3654);
#2936=AXIS2_PLACEMENT_3D('',#4571,#3655,#3656);
#2937=AXIS2_PLACEMENT_3D('',#4573,#3658,#3659);
#2938=AXIS2_PLACEMENT_3D('',#4575,#3660,#3661);
#2939=AXIS2_PLACEMENT_3D('',#4608,#3664,#3665);
#2940=AXIS2_PLACEMENT_3D('',#4609,#3666,#3667);
#2941=AXIS2_PLACEMENT_3D('',#4610,#3668,#3669);
#2942=AXIS2_PLACEMENT_3D('',#4611,#3670,#3671);
#2943=AXIS2_PLACEMENT_3D('',#4612,#3672,#3673);
#2944=DIRECTION('axis',(0.,0.,1.));
#2945=DIRECTION('refdir',(1.,0.,0.));
#2946=DIRECTION('center_axis',(0.,0.,1.));
#2947=DIRECTION('ref_axis',(0.99003164905859,0.140845070422535,0.));
#2948=DIRECTION('',(0.,0.,-1.));
#2949=DIRECTION('center_axis',(0.,0.,-1.));
#2950=DIRECTION('ref_axis',(0.99003164905859,0.140845070422535,0.));
#2951=DIRECTION('',(0.,0.,1.));
#2952=DIRECTION('center_axis',(0.,0.,1.));
#2953=DIRECTION('ref_axis',(0.99003164905859,0.140845070422535,0.));
#2954=DIRECTION('center_axis',(0.,0.,1.));
#2955=DIRECTION('ref_axis',(0.990031649058615,0.140845070422361,0.));
#2956=DIRECTION('',(0.,0.,-1.));
#2957=DIRECTION('center_axis',(0.,0.,-1.));
#2958=DIRECTION('ref_axis',(0.990031649058615,0.140845070422361,0.));
#2959=DIRECTION('',(0.,0.,1.));
#2960=DIRECTION('center_axis',(0.,0.,-1.));
#2961=DIRECTION('ref_axis',(-0.325013542513152,-0.945709361898809,0.));
#2962=DIRECTION('',(0.,0.,1.));
#2963=DIRECTION('center_axis',(0.,0.,-1.));
#2964=DIRECTION('ref_axis',(-0.61473669979722,-0.788732394366063,0.));
#2965=DIRECTION('',(0.,0.,1.));
#2966=DIRECTION('center_axis',(0.,0.,1.));
#2967=DIRECTION('ref_axis',(-0.61473669979722,-0.788732394366063,0.));
#2968=DIRECTION('',(0.,0.,1.));
#2969=DIRECTION('center_axis',(0.,0.,1.));
#2970=DIRECTION('ref_axis',(0.990031649058615,0.140845070422361,0.));
#2971=DIRECTION('center_axis',(0.,1.,0.));
#2972=DIRECTION('ref_axis',(-1.,0.,0.));
#2973=DIRECTION('center_axis',(0.,1.,0.));
#2974=DIRECTION('ref_axis',(-1.,0.,0.));
#2975=DIRECTION('',(0.,-1.,0.));
#2976=DIRECTION('center_axis',(6.74927660514699E-15,-1.,0.));
#2977=DIRECTION('ref_axis',(-1.,0.,0.));
#2978=DIRECTION('center_axis',(0.,1.,0.));
#2979=DIRECTION('ref_axis',(-1.,0.,0.));
#2980=DIRECTION('center_axis',(0.,-1.,0.));
#2981=DIRECTION('ref_axis',(-1.,0.,0.));
#2982=DIRECTION('center_axis',(0.,-1.,0.));
#2983=DIRECTION('ref_axis',(-1.,0.,0.));
#2984=DIRECTION('',(0.,-1.,0.));
#2985=DIRECTION('center_axis',(2.73333042056482E-16,1.,0.));
#2986=DIRECTION('ref_axis',(-1.,0.,0.));
#2987=DIRECTION('center_axis',(2.73333042056482E-16,1.,0.));
#2988=DIRECTION('ref_axis',(-1.,0.,0.));
#2989=DIRECTION('center_axis',(-2.73333042056482E-16,-1.,0.));
#2990=DIRECTION('ref_axis',(1.,-2.73333042056482E-16,0.));
#2991=DIRECTION('',(1.,-2.73333042056482E-16,0.));
#2992=DIRECTION('',(0.,0.,1.));
#2993=DIRECTION('',(1.,-4.4056469231157E-17,0.));
#2994=DIRECTION('',(0.,0.,-1.));
#2995=DIRECTION('',(-1.,4.4056469231157E-17,0.));
#2996=DIRECTION('',(0.,0.,1.));
#2997=DIRECTION('',(-1.,2.73333042056482E-16,0.));
#2998=DIRECTION('',(0.,0.,-1.));
#2999=DIRECTION('',(1.,-2.73333042056482E-16,0.));
#3000=DIRECTION('',(0.,0.,-1.));
#3001=DIRECTION('',(-1.,2.73333042056482E-16,0.));
#3002=DIRECTION('',(0.,0.,1.));
#3003=DIRECTION('',(1.,-2.73333042056482E-16,0.));
#3004=DIRECTION('center_axis',(1.,0.,0.));
#3005=DIRECTION('ref_axis',(0.,0.,1.));
#3006=DIRECTION('',(0.,0.,1.));
#3007=DIRECTION('',(0.,-1.,0.));
#3008=DIRECTION('',(0.,-1.,0.));
#3009=DIRECTION('center_axis',(0.,0.,-1.));
#3010=DIRECTION('ref_axis',(1.,0.,0.));
#3011=DIRECTION('',(1.,6.74927660514699E-15,0.));
#3012=DIRECTION('',(0.,-1.,0.));
#3013=DIRECTION('center_axis',(-1.,0.,0.));
#3014=DIRECTION('ref_axis',(0.,0.,-1.));
#3015=DIRECTION('',(0.,0.,-1.));
#3016=DIRECTION('',(0.,-1.,0.));
#3017=DIRECTION('center_axis',(0.,0.,1.));
#3018=DIRECTION('ref_axis',(-1.,0.,0.));
#3019=DIRECTION('',(-1.,-6.74927660514699E-15,0.));
#3020=DIRECTION('center_axis',(0.,0.,1.));
#3021=DIRECTION('ref_axis',(-0.707106781186585,0.70710678118651,0.));
#3022=DIRECTION('center_axis',(0.,0.,-1.));
#3023=DIRECTION('ref_axis',(-1.,0.,0.));
#3024=DIRECTION('',(0.,0.,-1.));
#3025=DIRECTION('',(0.,0.,1.));
#3026=DIRECTION('center_axis',(0.,-1.,0.));
#3027=DIRECTION('ref_axis',(-0.707106781186549,0.,0.707106781186546));
#3028=DIRECTION('center_axis',(0.,1.,0.));
#3029=DIRECTION('ref_axis',(-0.707106781186549,0.,0.707106781186546));
#3030=DIRECTION('',(0.,1.,0.));
#3031=DIRECTION('center_axis',(0.,-1.,0.));
#3032=DIRECTION('ref_axis',(0.,0.,1.));
#3033=DIRECTION('',(0.,-1.,0.));
#3034=DIRECTION('center_axis',(-0.40824829046387,0.408248290463827,-0.81649658092774));
#3035=DIRECTION('ref_axis',(-0.577350269189667,0.577350269189605,0.577350269189605));
#3036=DIRECTION('center_axis',(-1.,-1.07918578180535E-13,0.));
#3037=DIRECTION('ref_axis',(-7.54951656745106E-14,0.707106781186545,0.70710678118655));
#3038=DIRECTION('center_axis',(-1.07918578180535E-13,1.,0.));
#3039=DIRECTION('ref_axis',(-1.,-1.07918578180535E-13,0.));
#3040=DIRECTION('',(-1.,-1.07918578180535E-13,0.));
#3041=DIRECTION('',(-1.,-1.07918578180535E-13,0.));
#3042=DIRECTION('',(0.,0.,1.));
#3043=DIRECTION('',(1.,0.,0.));
#3044=DIRECTION('',(0.,0.,1.));
#3045=DIRECTION('',(0.,0.,1.));
#3046=DIRECTION('',(1.,1.09376937345137E-13,0.));
#3047=DIRECTION('center_axis',(1.07918578180535E-13,-1.,0.));
#3048=DIRECTION('ref_axis',(1.,0.,0.));
#3049=DIRECTION('center_axis',(1.07918578180535E-13,-1.,0.));
#3050=DIRECTION('ref_axis',(1.,0.,0.));
#3051=DIRECTION('',(-1.,-1.07918578180535E-13,0.));
#3052=DIRECTION('',(1.76576226580542E-16,1.90558553130561E-29,-1.));
#3053=DIRECTION('',(1.,1.07918578180535E-13,0.));
#3054=DIRECTION('',(-3.53152453161084E-16,-3.81117106261121E-29,1.));
#3055=DIRECTION('center_axis',(1.,1.07918578180535E-13,0.));
#3056=DIRECTION('ref_axis',(-7.5364438016821E-14,0.707106781186546,0.707106781186549));
#3057=DIRECTION('',(1.,1.07918578180535E-13,0.));
#3058=DIRECTION('center_axis',(-1.,0.,0.));
#3059=DIRECTION('ref_axis',(-7.5364438016821E-14,0.707106781186546,0.707106781186549));
#3060=DIRECTION('center_axis',(0.,0.,1.));
#3061=DIRECTION('ref_axis',(-1.,0.,0.));
#3062=DIRECTION('',(1.,0.,0.));
#3063=DIRECTION('',(0.,-1.,0.));
#3064=DIRECTION('center_axis',(0.,-1.,0.));
#3065=DIRECTION('ref_axis',(0.,0.,-1.));
#3066=DIRECTION('',(0.,0.,-1.));
#3067=DIRECTION('',(1.,0.,0.));
#3068=DIRECTION('',(0.,0.,-1.));
#3069=DIRECTION('center_axis',(1.,0.,0.));
#3070=DIRECTION('ref_axis',(0.,0.,-1.));
#3071=DIRECTION('',(0.,1.,0.));
#3072=DIRECTION('center_axis',(1.,0.,0.));
#3073=DIRECTION('ref_axis',(0.,0.707106781186547,0.707106781186547));
#3074=DIRECTION('',(0.,1.,0.));
#3075=DIRECTION('',(0.,0.,1.));
#3076=DIRECTION('',(0.,-1.,-3.38482629458893E-17));
#3077=DIRECTION('',(0.,0.,1.));
#3078=DIRECTION('',(0.,-1.,0.));
#3079=DIRECTION('',(0.,0.,1.));
#3080=DIRECTION('',(0.,1.,0.));
#3081=DIRECTION('',(0.,0.,-1.));
#3082=DIRECTION('',(0.,-1.,0.));
#3083=DIRECTION('',(0.,0.,-1.));
#3084=DIRECTION('',(0.,1.,0.));
#3085=DIRECTION('center_axis',(-1.,0.,0.));
#3086=DIRECTION('ref_axis',(0.,0.,-1.));
#3087=DIRECTION('center_axis',(0.,1.,0.));
#3088=DIRECTION('ref_axis',(1.,0.,0.));
#3089=DIRECTION('center_axis',(-1.75876914792104E-16,1.,0.));
#3090=DIRECTION('ref_axis',(1.,0.,0.));
#3091=DIRECTION('',(0.,1.,0.));
#3092=DIRECTION('center_axis',(0.,1.,0.));
#3093=DIRECTION('ref_axis',(1.,0.,0.));
#3094=DIRECTION('center_axis',(-1.75876914792104E-16,1.,0.));
#3095=DIRECTION('ref_axis',(1.,0.,0.));
#3096=DIRECTION('',(0.,1.,0.));
#3097=DIRECTION('center_axis',(0.,0.,1.));
#3098=DIRECTION('ref_axis',(1.,0.,0.));
#3099=DIRECTION('',(1.,1.75876914792104E-16,0.));
#3100=DIRECTION('',(0.,1.,0.));
#3101=DIRECTION('',(0.,1.,0.));
#3102=DIRECTION('center_axis',(-1.,0.,-1.76576226580542E-16));
#3103=DIRECTION('ref_axis',(-1.76576226580542E-16,0.,1.));
#3104=DIRECTION('',(-1.76576226580542E-16,-3.10556819566172E-32,1.));
#3105=DIRECTION('',(0.,1.,0.));
#3106=DIRECTION('center_axis',(0.,0.,-1.));
#3107=DIRECTION('ref_axis',(-1.,0.,0.));
#3108=DIRECTION('',(-1.,-1.75876914792104E-16,0.));
#3109=DIRECTION('',(0.,1.,0.));
#3110=DIRECTION('center_axis',(1.,0.,3.53152453161084E-16));
#3111=DIRECTION('ref_axis',(3.53152453161084E-16,0.,-1.));
#3112=DIRECTION('',(3.53152453161084E-16,6.21113639132344E-32,-1.));
#3113=DIRECTION('center_axis',(0.,0.,-1.));
#3114=DIRECTION('ref_axis',(1.,-3.42430234101253E-15,0.));
#3115=DIRECTION('',(-1.,-1.75876914792104E-16,0.));
#3116=DIRECTION('',(0.,-1.,0.));
#3117=DIRECTION('',(1.,-3.42430234101253E-15,0.));
#3118=DIRECTION('',(0.,-1.,0.));
#3119=DIRECTION('center_axis',(1.,0.,0.));
#3120=DIRECTION('ref_axis',(0.,0.,1.));
#3121=DIRECTION('',(0.,0.,-1.));
#3122=DIRECTION('',(0.,0.,1.));
#3123=DIRECTION('',(0.,-1.,0.));
#3124=DIRECTION('center_axis',(0.,0.,1.));
#3125=DIRECTION('ref_axis',(-1.,0.,0.));
#3126=DIRECTION('',(1.,1.75876914792104E-16,0.));
#3127=DIRECTION('',(-1.,0.,0.));
#3128=DIRECTION('',(0.,-1.,0.));
#3129=DIRECTION('center_axis',(-1.,0.,-5.87225401454628E-16));
#3130=DIRECTION('ref_axis',(5.87225401454628E-16,2.34890160581851E-15,-1.));
#3131=DIRECTION('',(-5.87225401454628E-16,-1.03279391895395E-31,1.));
#3132=DIRECTION('',(5.87225401454628E-16,2.34890160581851E-15,-1.));
#3133=DIRECTION('center_axis',(1.,0.,0.));
#3134=DIRECTION('ref_axis',(0.,-2.41169872904152E-15,1.));
#3135=DIRECTION('',(0.,0.,-1.));
#3136=DIRECTION('',(0.,-1.,0.));
#3137=DIRECTION('',(0.,-2.41169872904152E-15,1.));
#3138=DIRECTION('',(0.,-1.,0.));
#3139=DIRECTION('center_axis',(0.,0.,-1.));
#3140=DIRECTION('ref_axis',(1.,1.89810230773213E-16,0.));
#3141=DIRECTION('',(-1.,-1.75876914792104E-16,0.));
#3142=DIRECTION('',(1.,1.89810230773213E-16,0.));
#3143=DIRECTION('',(0.,-1.,0.));
#3144=DIRECTION('center_axis',(-1.,0.,0.));
#3145=DIRECTION('ref_axis',(0.,0.,-1.));
#3146=DIRECTION('',(0.,0.,1.));
#3147=DIRECTION('',(0.,0.,-1.));
#3148=DIRECTION('',(0.,-1.,0.));
#3149=DIRECTION('center_axis',(0.,0.,1.));
#3150=DIRECTION('ref_axis',(-1.,3.14759104072869E-15,0.));
#3151=DIRECTION('',(1.,1.75876914792104E-16,0.));
#3152=DIRECTION('',(-1.,3.14759104072869E-15,0.));
#3153=DIRECTION('center_axis',(0.,-1.,0.));
#3154=DIRECTION('ref_axis',(0.,0.,-1.));
#3155=DIRECTION('center_axis',(1.75876914792104E-16,-1.,0.));
#3156=DIRECTION('ref_axis',(1.,1.75876914792104E-16,0.));
#3157=DIRECTION('',(0.,0.,-1.));
#3158=DIRECTION('',(1.,1.75876914792104E-16,0.));
#3159=DIRECTION('',(0.,0.,1.));
#3160=DIRECTION('',(1.,0.,0.));
#3161=DIRECTION('',(1.,0.,0.));
#3162=DIRECTION('',(0.998046299950214,1.75533304054918E-16,-0.062478661602879));
#3163=DIRECTION('',(0.444915041832561,7.82502849021107E-17,-0.895572780711389));
#3164=DIRECTION('',(-0.553131258117652,-9.72830191528075E-17,-0.83309411910851));
#3165=DIRECTION('',(-0.998046299950214,-1.75533304054918E-16,0.0624786616028793));
#3166=DIRECTION('',(-0.444915041832562,-7.82502849021108E-17,0.895572780711389));
#3167=DIRECTION('',(0.553131258117653,9.72830191528077E-17,0.833094119108509));
#3168=DIRECTION('center_axis',(0.062478661602879,0.,0.998046299950214));
#3169=DIRECTION('ref_axis',(0.998046299950214,0.,-0.062478661602879));
#3170=DIRECTION('',(0.,1.,0.));
#3171=DIRECTION('',(0.998046299950214,0.,-0.062478661602879));
#3172=DIRECTION('',(0.,1.,0.));
#3173=DIRECTION('center_axis',(-0.833094119108509,0.,0.553131258117653));
#3174=DIRECTION('ref_axis',(0.553131258117653,0.,0.833094119108509));
#3175=DIRECTION('',(0.,1.,0.));
#3176=DIRECTION('',(0.553131258117653,0.,0.833094119108509));
#3177=DIRECTION('center_axis',(-0.895572780711389,0.,-0.444915041832562));
#3178=DIRECTION('ref_axis',(-0.444915041832562,0.,0.895572780711389));
#3179=DIRECTION('',(0.,1.,0.));
#3180=DIRECTION('',(-0.444915041832562,0.,0.895572780711389));
#3181=DIRECTION('center_axis',(-0.0624786616028793,0.,-0.998046299950214));
#3182=DIRECTION('ref_axis',(-0.998046299950214,0.,0.0624786616028793));
#3183=DIRECTION('',(0.,1.,0.));
#3184=DIRECTION('',(-0.998046299950214,0.,0.0624786616028793));
#3185=DIRECTION('center_axis',(0.83309411910851,0.,-0.553131258117652));
#3186=DIRECTION('ref_axis',(-0.553131258117652,0.,-0.83309411910851));
#3187=DIRECTION('',(0.,1.,0.));
#3188=DIRECTION('',(-0.553131258117652,0.,-0.83309411910851));
#3189=DIRECTION('center_axis',(0.895572780711389,0.,0.444915041832561));
#3190=DIRECTION('ref_axis',(0.444915041832561,0.,-0.895572780711389));
#3191=DIRECTION('',(0.444915041832561,0.,-0.895572780711389));
#3192=DIRECTION('center_axis',(0.,-1.,0.));
#3193=DIRECTION('ref_axis',(1.,0.,0.));
#3194=DIRECTION('center_axis',(0.,-1.,0.));
#3195=DIRECTION('ref_axis',(1.,0.,0.));
#3196=DIRECTION('center_axis',(-0.895572780711389,0.,-0.444915041832561));
#3197=DIRECTION('ref_axis',(0.444915041832561,0.,-0.895572780711389));
#3198=DIRECTION('',(0.444915041832561,3.0028546831185E-15,-0.895572780711389));
#3199=DIRECTION('',(0.,-1.,0.));
#3200=DIRECTION('',(0.444915041832561,0.,-0.895572780711389));
#3201=DIRECTION('',(0.,-1.,0.));
#3202=DIRECTION('center_axis',(-0.833094119108509,0.,0.553131258117653));
#3203=DIRECTION('ref_axis',(-0.553131258117653,0.,-0.833094119108509));
#3204=DIRECTION('',(-0.553131258117653,-3.73323585998899E-15,-0.833094119108509));
#3205=DIRECTION('',(0.,-1.,0.));
#3206=DIRECTION('',(-0.553131258117653,0.,-0.833094119108509));
#3207=DIRECTION('center_axis',(0.062478661602879,0.,0.998046299950214));
#3208=DIRECTION('ref_axis',(-0.998046299950214,0.,0.062478661602879));
#3209=DIRECTION('',(-0.998046299950214,-6.7360905431075E-15,0.062478661602879));
#3210=DIRECTION('',(0.,-1.,0.));
#3211=DIRECTION('',(-0.998046299950214,0.,0.062478661602879));
#3212=DIRECTION('center_axis',(0.895572780711389,0.,0.444915041832561));
#3213=DIRECTION('ref_axis',(-0.444915041832561,0.,0.895572780711389));
#3214=DIRECTION('',(-0.444915041832561,-3.0028546831185E-15,0.895572780711389));
#3215=DIRECTION('',(0.,-1.,0.));
#3216=DIRECTION('',(-0.444915041832561,0.,0.895572780711389));
#3217=DIRECTION('center_axis',(0.83309411910851,0.,-0.553131258117652));
#3218=DIRECTION('ref_axis',(0.553131258117652,0.,0.83309411910851));
#3219=DIRECTION('',(0.553131258117652,3.73323585998899E-15,0.83309411910851));
#3220=DIRECTION('',(0.,-1.,0.));
#3221=DIRECTION('',(0.553131258117652,0.,0.83309411910851));
#3222=DIRECTION('center_axis',(-0.0624786616028793,0.,-0.998046299950214));
#3223=DIRECTION('ref_axis',(0.998046299950214,0.,-0.0624786616028793));
#3224=DIRECTION('',(0.998046299950214,6.7360905431075E-15,-0.0624786616028793));
#3225=DIRECTION('',(0.998046299950214,0.,-0.0624786616028793));
#3226=DIRECTION('center_axis',(0.,1.,0.));
#3227=DIRECTION('ref_axis',(-1.,0.,0.));
#3228=DIRECTION('center_axis',(0.,1.,0.));
#3229=DIRECTION('ref_axis',(-1.,-7.40148683083438E-16,0.));
#3230=DIRECTION('center_axis',(0.,-0.707106781186543,0.707106781186552));
#3231=DIRECTION('ref_axis',(0.,-0.707106781186552,-0.707106781186543));
#3232=DIRECTION('',(1.,-2.73333042056482E-16,0.));
#3233=DIRECTION('',(0.,-0.707106781186552,-0.707106781186543));
#3234=DIRECTION('',(-1.,0.,0.));
#3235=DIRECTION('',(0.,-0.707106781186552,-0.707106781186543));
#3236=DIRECTION('center_axis',(1.,0.,0.));
#3237=DIRECTION('ref_axis',(0.,0.,-1.));
#3238=DIRECTION('center_axis',(-1.,0.,0.));
#3239=DIRECTION('ref_axis',(0.,0.707106781186547,0.707106781186547));
#3240=DIRECTION('',(0.,-1.,0.));
#3241=DIRECTION('',(0.,0.,1.));
#3242=DIRECTION('',(0.,0.707106781186551,0.707106781186544));
#3243=DIRECTION('center_axis',(-1.,0.,0.));
#3244=DIRECTION('ref_axis',(0.,0.,-1.));
#3245=DIRECTION('center_axis',(0.,0.707106781186544,-0.707106781186551));
#3246=DIRECTION('ref_axis',(0.,0.707106781186551,0.707106781186544));
#3247=DIRECTION('',(-1.,2.73333042056482E-16,0.));
#3248=DIRECTION('',(1.,6.74927660514699E-15,6.74927660514693E-15));
#3249=DIRECTION('',(0.,0.707106781186551,0.707106781186544));
#3250=DIRECTION('center_axis',(1.,0.,0.));
#3251=DIRECTION('ref_axis',(0.,0.,-1.));
#3252=DIRECTION('center_axis',(1.,0.,0.));
#3253=DIRECTION('ref_axis',(0.,0.707106781186547,0.707106781186547));
#3254=DIRECTION('',(0.,0.,-1.));
#3255=DIRECTION('',(0.,1.,0.));
#3256=DIRECTION('center_axis',(1.,0.,0.));
#3257=DIRECTION('ref_axis',(0.,0.,-1.));
#3258=DIRECTION('center_axis',(0.,0.,-1.));
#3259=DIRECTION('ref_axis',(-1.,0.,0.));
#3260=DIRECTION('',(1.,6.74927660514699E-15,0.));
#3261=DIRECTION('',(0.,1.,0.));
#3262=DIRECTION('',(1.,0.,0.));
#3263=DIRECTION('',(1.,6.74927660514699E-15,0.));
#3264=DIRECTION('center_axis',(-1.,0.,0.));
#3265=DIRECTION('ref_axis',(0.,0.,-1.));
#3266=DIRECTION('',(-1.,0.,0.));
#3267=DIRECTION('center_axis',(-1.,0.,0.));
#3268=DIRECTION('ref_axis',(0.,0.,-1.));
#3269=DIRECTION('center_axis',(-1.,0.,0.));
#3270=DIRECTION('ref_axis',(0.,0.,-1.));
#3271=DIRECTION('',(-1.,0.,0.));
#3272=DIRECTION('center_axis',(1.,0.,0.));
#3273=DIRECTION('ref_axis',(0.,0.,-1.));
#3274=DIRECTION('center_axis',(-1.,2.73333042056482E-16,0.));
#3275=DIRECTION('ref_axis',(0.,0.707106781186547,0.707106781186547));
#3276=DIRECTION('',(-1.,2.73333042056482E-16,0.));
#3277=DIRECTION('center_axis',(-1.,0.,0.));
#3278=DIRECTION('ref_axis',(0.,0.707106781186547,0.707106781186547));
#3279=DIRECTION('center_axis',(-1.,-1.07918578180535E-13,0.));
#3280=DIRECTION('ref_axis',(-7.63306487606266E-14,0.707106781186548,0.707106781186547));
#3281=DIRECTION('center_axis',(1.,1.07947838702008E-13,0.));
#3282=DIRECTION('ref_axis',(-1.07947838702008E-13,1.,0.));
#3283=DIRECTION('',(1.,1.07918578180535E-13,0.));
#3284=DIRECTION('center_axis',(1.,0.,0.));
#3285=DIRECTION('ref_axis',(-7.63306487606266E-14,0.707106781186548,0.707106781186547));
#3286=DIRECTION('center_axis',(0.,0.,-1.));
#3287=DIRECTION('ref_axis',(-1.,0.,0.));
#3288=DIRECTION('center_axis',(0.,0.,1.));
#3289=DIRECTION('ref_axis',(-0.325013542513152,-0.945709361898809,0.));
#3290=DIRECTION('center_axis',(0.,0.,1.));
#3291=DIRECTION('ref_axis',(1.,0.,0.));
#3292=DIRECTION('',(0.,-1.,0.));
#3293=DIRECTION('center_axis',(0.,0.,1.));
#3294=DIRECTION('ref_axis',(-1.,0.,0.));
#3295=DIRECTION('',(1.,-2.15091158030515E-13,0.));
#3296=DIRECTION('center_axis',(0.,0.,-1.));
#3297=DIRECTION('ref_axis',(0.,-1.,0.));
#3298=DIRECTION('',(-5.55111512312576E-16,-1.,0.));
#3299=DIRECTION('center_axis',(0.,0.,1.));
#3300=DIRECTION('ref_axis',(-1.22002530178588E-16,-1.,0.));
#3301=DIRECTION('center_axis',(0.,0.,-1.));
#3302=DIRECTION('ref_axis',(-3.12738880176101E-16,1.,0.));
#3303=DIRECTION('',(0.,1.,0.));
#3304=DIRECTION('center_axis',(-1.,0.,0.));
#3305=DIRECTION('ref_axis',(0.,-1.,0.));
#3306=DIRECTION('',(0.,0.,1.));
#3307=DIRECTION('',(0.,-1.,0.));
#3308=DIRECTION('',(0.,0.,1.));
#3309=DIRECTION('',(0.,1.,0.));
#3310=DIRECTION('',(0.,0.,1.));
#3311=DIRECTION('',(0.,0.,1.));
#3312=DIRECTION('center_axis',(0.,0.,1.));
#3313=DIRECTION('ref_axis',(0.,1.,0.));
#3314=DIRECTION('',(0.,0.,1.));
#3315=DIRECTION('center_axis',(0.,0.,-1.));
#3316=DIRECTION('ref_axis',(0.,1.,0.));
#3317=DIRECTION('center_axis',(-1.,-1.75876914792104E-16,0.));
#3318=DIRECTION('ref_axis',(-1.20776342975675E-16,0.707106781186548,0.707106781186547));
#3319=DIRECTION('center_axis',(1.,1.12598684039063E-16,0.));
#3320=DIRECTION('ref_axis',(-1.20776342975675E-16,0.707106781186548,0.707106781186547));
#3321=DIRECTION('center_axis',(1.,0.,0.));
#3322=DIRECTION('ref_axis',(-1.20776342975675E-16,0.707106781186548,0.707106781186547));
#3323=DIRECTION('',(-1.,-1.75876914792104E-16,0.));
#3324=DIRECTION('center_axis',(1.75876914792104E-16,-1.,0.));
#3325=DIRECTION('ref_axis',(1.,1.75876914792104E-16,0.));
#3326=DIRECTION('center_axis',(0.,-3.38482629458893E-17,1.));
#3327=DIRECTION('ref_axis',(0.,-1.,-3.38482629458893E-17));
#3328=DIRECTION('',(1.,0.,0.));
#3329=DIRECTION('',(-1.12598684039063E-16,1.,3.38482629458893E-17));
#3330=DIRECTION('',(-1.,-6.74927660514699E-15,-2.28451289225554E-31));
#3331=DIRECTION('',(1.,0.,0.));
#3332=DIRECTION('',(0.,1.,3.38482629458893E-17));
#3333=DIRECTION('center_axis',(-6.74927660514699E-15,1.,0.));
#3334=DIRECTION('ref_axis',(-1.,-6.74927660514699E-15,0.));
#3335=DIRECTION('',(0.,0.,1.));
#3336=DIRECTION('',(1.,6.74927660514699E-15,0.));
#3337=DIRECTION('',(0.,0.,-1.));
#3338=DIRECTION('center_axis',(1.,1.12598684039063E-16,0.));
#3339=DIRECTION('ref_axis',(-1.12598684039063E-16,1.,0.));
#3340=DIRECTION('',(1.12598684039063E-16,-1.,0.));
#3341=DIRECTION('',(0.,0.,1.));
#3342=DIRECTION('',(-2.73091962970281E-17,0.242535661318687,0.970142491074742));
#3343=DIRECTION('',(0.,0.,1.));
#3344=DIRECTION('',(-1.12598684039063E-16,1.,7.66135348260003E-17));
#3345=DIRECTION('',(-1.12598684039063E-16,1.,7.66135348260003E-17));
#3346=DIRECTION('',(0.,0.,-1.));
#3347=DIRECTION('',(-2.73091962970289E-17,0.242535661318694,-0.970142491074741));
#3348=DIRECTION('',(9.87730580248187E-32,-8.77213254024815E-16,-1.));
#3349=DIRECTION('',(1.12598684039063E-16,-1.,0.));
#3350=DIRECTION('',(0.,0.,-1.));
#3351=DIRECTION('',(-1.12598684039063E-16,1.,0.));
#3352=DIRECTION('',(1.95137017073422E-31,-1.73303106282951E-15,-1.));
#3353=DIRECTION('',(-1.12598684039063E-16,1.,0.));
#3354=DIRECTION('center_axis',(0.,0.,1.));
#3355=DIRECTION('ref_axis',(0.,-1.,0.));
#3356=DIRECTION('',(0.,1.,0.));
#3357=DIRECTION('',(1.,0.,0.));
#3358=DIRECTION('',(1.,0.,0.));
#3359=DIRECTION('center_axis',(0.,0.,-1.));
#3360=DIRECTION('ref_axis',(-1.,0.,0.));
#3361=DIRECTION('',(0.,1.,0.));
#3362=DIRECTION('center_axis',(0.,-1.,0.));
#3363=DIRECTION('ref_axis',(1.,0.,0.));
#3364=DIRECTION('',(1.,0.,0.));
#3365=DIRECTION('',(0.,0.,1.));
#3366=DIRECTION('center_axis',(0.,0.,-1.));
#3367=DIRECTION('ref_axis',(1.,0.,0.));
#3368=DIRECTION('',(0.,-1.,0.));
#3369=DIRECTION('center_axis',(-1.,0.,0.));
#3370=DIRECTION('ref_axis',(0.,0.,-1.));
#3371=DIRECTION('center_axis',(0.,0.,-1.));
#3372=DIRECTION('ref_axis',(1.,0.,0.));
#3373=DIRECTION('',(0.,1.,0.));
#3374=DIRECTION('center_axis',(-1.,0.,0.));
#3375=DIRECTION('ref_axis',(0.,0.,1.));
#3376=DIRECTION('center_axis',(1.,0.,0.));
#3377=DIRECTION('ref_axis',(0.,0.,-1.));
#3378=DIRECTION('center_axis',(1.,0.,0.));
#3379=DIRECTION('ref_axis',(0.,0.,-1.));
#3380=DIRECTION('',(-1.,0.,0.));
#3381=DIRECTION('center_axis',(-0.562543119217789,0.,-0.826767947504449));
#3382=DIRECTION('ref_axis',(0.826767947504449,0.,-0.562543119217789));
#3383=DIRECTION('center_axis',(-1.,0.,0.));
#3384=DIRECTION('ref_axis',(0.,0.,-1.));
#3385=DIRECTION('center_axis',(-0.562543119217789,0.,-0.826767947504449));
#3386=DIRECTION('ref_axis',(0.826767947504449,0.,-0.562543119217789));
#3387=DIRECTION('center_axis',(1.,0.,0.));
#3388=DIRECTION('ref_axis',(0.,0.,-1.));
#3389=DIRECTION('center_axis',(1.,0.,0.));
#3390=DIRECTION('ref_axis',(0.,0.,-1.));
#3391=DIRECTION('',(0.,-1.,0.));
#3392=DIRECTION('',(0.,0.,-1.));
#3393=DIRECTION('',(0.,1.,0.));
#3394=DIRECTION('',(0.,2.96059461469033E-15,1.));
#3395=DIRECTION('',(0.,-1.,0.));
#3396=DIRECTION('center_axis',(-0.562543119217789,0.,-0.826767947504449));
#3397=DIRECTION('ref_axis',(-0.826767947504449,0.,0.562543119217789));
#3398=DIRECTION('',(-0.826767947504449,0.,0.56254311921779));
#3399=DIRECTION('center_axis',(-0.562543119217789,0.,-0.826767947504449));
#3400=DIRECTION('ref_axis',(-0.826767947504449,0.,0.562543119217789));
#3401=DIRECTION('',(-0.826767947504449,0.,0.56254311921779));
#3402=DIRECTION('center_axis',(0.,0.,-1.));
#3403=DIRECTION('ref_axis',(0.,1.,0.));
#3404=DIRECTION('',(0.,-1.,0.));
#3405=DIRECTION('',(1.,0.,0.));
#3406=DIRECTION('',(1.,0.,0.));
#3407=DIRECTION('center_axis',(0.,1.,0.));
#3408=DIRECTION('ref_axis',(0.,0.,1.));
#3409=DIRECTION('',(0.,0.,-1.));
#3410=DIRECTION('',(1.,0.,0.));
#3411=DIRECTION('',(0.,0.,1.));
#3412=DIRECTION('',(1.,0.,0.));
#3413=DIRECTION('center_axis',(0.,-1.,0.));
#3414=DIRECTION('ref_axis',(0.,0.,-1.));
#3415=DIRECTION('',(0.,0.,-1.));
#3416=DIRECTION('',(1.,0.,0.));
#3417=DIRECTION('center_axis',(0.,-0.970142491074743,0.242535661318687));
#3418=DIRECTION('ref_axis',(0.,-0.242535661318687,-0.970142491074742));
#3419=DIRECTION('',(0.,-0.242535661318687,-0.970142491074742));
#3420=DIRECTION('',(1.,0.,0.));
#3421=DIRECTION('',(1.,0.,0.));
#3422=DIRECTION('center_axis',(1.,0.,0.));
#3423=DIRECTION('ref_axis',(0.,0.,-1.));
#3424=DIRECTION('',(0.,-1.,0.));
#3425=DIRECTION('center_axis',(0.,-1.,0.));
#3426=DIRECTION('ref_axis',(0.,0.,-1.));
#3427=DIRECTION('',(0.,0.,1.));
#3428=DIRECTION('',(1.,0.,0.));
#3429=DIRECTION('',(0.,0.,-1.));
#3430=DIRECTION('',(1.,0.,0.));
#3431=DIRECTION('center_axis',(0.,0.,1.));
#3432=DIRECTION('ref_axis',(0.,-1.,0.));
#3433=DIRECTION('',(-1.,0.,0.));
#3434=DIRECTION('',(0.,-1.,0.));
#3435=DIRECTION('',(1.,0.,0.));
#3436=DIRECTION('center_axis',(0.,1.,-1.73303106282951E-15));
#3437=DIRECTION('ref_axis',(0.,1.73303106282951E-15,1.));
#3438=DIRECTION('',(0.,1.73303106282951E-15,1.));
#3439=DIRECTION('center_axis',(1.,0.,0.));
#3440=DIRECTION('ref_axis',(0.,0.,-1.));
#3441=DIRECTION('center_axis',(0.,1.,0.));
#3442=DIRECTION('ref_axis',(0.,0.,1.));
#3443=DIRECTION('',(1.,0.,0.));
#3444=DIRECTION('',(0.,0.,1.));
#3445=DIRECTION('center_axis',(0.,0.,-1.));
#3446=DIRECTION('ref_axis',(0.,1.,0.));
#3447=DIRECTION('',(1.,0.,0.));
#3448=DIRECTION('',(0.,1.,0.));
#3449=DIRECTION('',(1.,0.,0.));
#3450=DIRECTION('center_axis',(0.,-1.,0.));
#3451=DIRECTION('ref_axis',(0.,0.,-1.));
#3452=DIRECTION('',(0.,0.,1.));
#3453=DIRECTION('',(0.,0.,-1.));
#3454=DIRECTION('',(1.,0.,0.));
#3455=DIRECTION('center_axis',(0.,0.970142491074741,0.242535661318694));
#3456=DIRECTION('ref_axis',(0.,-0.242535661318694,0.970142491074741));
#3457=DIRECTION('',(1.,0.,0.));
#3458=DIRECTION('',(1.,0.,0.));
#3459=DIRECTION('',(0.,-0.242535661318694,0.970142491074741));
#3460=DIRECTION('',(1.,0.,0.));
#3461=DIRECTION('center_axis',(0.,1.,-8.77213254024815E-16));
#3462=DIRECTION('ref_axis',(0.,8.77213254024815E-16,1.));
#3463=DIRECTION('',(0.,8.77213254024815E-16,1.));
#3464=DIRECTION('center_axis',(1.,0.,0.));
#3465=DIRECTION('ref_axis',(0.,0.,-1.));
#3466=DIRECTION('',(0.,-1.,0.));
#3467=DIRECTION('center_axis',(0.,-1.,0.));
#3468=DIRECTION('ref_axis',(0.,0.,-1.));
#3469=DIRECTION('',(0.,0.,-1.));
#3470=DIRECTION('center_axis',(0.,1.,-4.44089209850063E-16));
#3471=DIRECTION('ref_axis',(0.,4.44089209850063E-16,1.));
#3472=DIRECTION('',(0.,4.44089209850063E-16,1.));
#3473=DIRECTION('center_axis',(1.,0.,0.));
#3474=DIRECTION('ref_axis',(0.,0.,-1.));
#3475=DIRECTION('',(0.,1.,0.));
#3476=DIRECTION('center_axis',(0.,0.,1.));
#3477=DIRECTION('ref_axis',(0.,-1.,0.));
#3478=DIRECTION('',(0.,-1.,0.));
#3479=DIRECTION('center_axis',(1.,0.,0.));
#3480=DIRECTION('ref_axis',(0.,0.,-1.));
#3481=DIRECTION('',(0.,1.,-3.73513686184191E-33));
#3482=DIRECTION('center_axis',(0.,0.,1.));
#3483=DIRECTION('ref_axis',(1.,0.,0.));
#3484=DIRECTION('center_axis',(0.,0.,-1.));
#3485=DIRECTION('ref_axis',(-0.939786690869127,-0.34176157722198,0.));
#3486=DIRECTION('center_axis',(0.,0.,1.));
#3487=DIRECTION('ref_axis',(0.939786690869126,0.341761577221983,0.));
#3488=DIRECTION('',(0.573576436351044,-0.819152044288993,0.));
#3489=DIRECTION('center_axis',(0.,0.,1.));
#3490=DIRECTION('ref_axis',(1.,0.,0.));
#3491=DIRECTION('',(1.,-8.88178419700125E-16,0.));
#3492=DIRECTION('center_axis',(0.,0.,1.));
#3493=DIRECTION('ref_axis',(-3.12738880176101E-16,1.,0.));
#3494=DIRECTION('center_axis',(0.,0.,1.));
#3495=DIRECTION('ref_axis',(0.,-1.,0.));
#3496=DIRECTION('',(0.,-1.,0.));
#3497=DIRECTION('center_axis',(0.,0.,1.));
#3498=DIRECTION('ref_axis',(0.,-1.,0.));
#3499=DIRECTION('center_axis',(0.,0.,1.));
#3500=DIRECTION('ref_axis',(1.,0.,0.));
#3501=DIRECTION('',(-1.,-5.86197757002066E-14,0.));
#3502=DIRECTION('',(0.573576436351044,-0.819152044288993,0.));
#3503=DIRECTION('center_axis',(0.,0.,1.));
#3504=DIRECTION('ref_axis',(0.939786690869126,0.341761577221983,0.));
#3505=DIRECTION('center_axis',(0.,0.,1.));
#3506=DIRECTION('ref_axis',(-0.939786690869127,-0.34176157722198,0.));
#3507=DIRECTION('center_axis',(0.,0.,1.));
#3508=DIRECTION('ref_axis',(-3.12738880176101E-16,1.,0.));
#3509=DIRECTION('',(0.,0.,1.));
#3510=DIRECTION('',(0.,0.,-1.));
#3511=DIRECTION('center_axis',(0.,0.,1.));
#3512=DIRECTION('ref_axis',(0.,1.,0.));
#3513=DIRECTION('center_axis',(0.,0.,1.));
#3514=DIRECTION('ref_axis',(0.,-1.,0.));
#3515=DIRECTION('',(0.,0.,1.));
#3516=DIRECTION('center_axis',(-1.,0.,0.));
#3517=DIRECTION('ref_axis',(0.,-1.,0.));
#3518=DIRECTION('',(0.,0.,1.));
#3519=DIRECTION('center_axis',(-2.15091158030515E-13,-1.,0.));
#3520=DIRECTION('ref_axis',(1.,-2.15091158030515E-13,0.));
#3521=DIRECTION('',(0.,0.,1.));
#3522=DIRECTION('',(0.,0.,1.));
#3523=DIRECTION('',(-1.,2.13410758358402E-13,0.));
#3524=DIRECTION('center_axis',(0.,0.,1.));
#3525=DIRECTION('ref_axis',(-1.,0.,0.));
#3526=DIRECTION('center_axis',(0.,0.,-1.));
#3527=DIRECTION('ref_axis',(-1.,0.,0.));
#3528=DIRECTION('center_axis',(0.,1.,0.));
#3529=DIRECTION('ref_axis',(-1.,0.,0.));
#3530=DIRECTION('',(1.,0.,0.));
#3531=DIRECTION('center_axis',(-0.819152044288993,-0.573576436351044,0.));
#3532=DIRECTION('ref_axis',(0.573576436351044,-0.819152044288993,0.));
#3533=DIRECTION('',(0.,0.,1.));
#3534=DIRECTION('center_axis',(0.,0.,1.));
#3535=DIRECTION('ref_axis',(0.939786690869126,0.341761577221983,0.));
#3536=DIRECTION('',(0.,0.,1.));
#3537=DIRECTION('center_axis',(0.,0.,1.));
#3538=DIRECTION('ref_axis',(-0.939786690869127,-0.34176157722198,0.));
#3539=DIRECTION('center_axis',(0.,0.,1.));
#3540=DIRECTION('ref_axis',(-0.939786690869127,-0.34176157722198,0.));
#3541=DIRECTION('',(0.,0.,-1.));
#3542=DIRECTION('center_axis',(0.,0.,1.));
#3543=DIRECTION('ref_axis',(1.,0.,0.));
#3544=DIRECTION('center_axis',(0.,0.,-1.));
#3545=DIRECTION('ref_axis',(-1.,0.,0.));
#3546=DIRECTION('',(-1.,-5.77315972805065E-14,0.));
#3547=DIRECTION('center_axis',(0.,0.,1.));
#3548=DIRECTION('ref_axis',(1.,0.,0.));
#3549=DIRECTION('',(1.,-1.66533453693773E-16,0.));
#3550=DIRECTION('center_axis',(0.,0.,-1.));
#3551=DIRECTION('ref_axis',(0.,1.,0.));
#3552=DIRECTION('center_axis',(0.,0.,1.));
#3553=DIRECTION('ref_axis',(1.,0.,0.));
#3554=DIRECTION('center_axis',(0.,0.,1.));
#3555=DIRECTION('ref_axis',(-1.,-2.86278937064051E-13,0.));
#3556=DIRECTION('center_axis',(0.,0.,-1.));
#3557=DIRECTION('ref_axis',(-7.84189214238022E-17,1.,0.));
#3558=DIRECTION('',(5.55111512312578E-16,1.,0.));
#3559=DIRECTION('',(-1.,3.7470027081099E-15,0.));
#3560=DIRECTION('center_axis',(0.,0.,-1.));
#3561=DIRECTION('ref_axis',(0.99003164905859,0.140845070422535,0.));
#3562=DIRECTION('center_axis',(7.40148683083438E-16,-1.,0.));
#3563=DIRECTION('ref_axis',(-1.,-7.40148683083438E-16,0.));
#3564=DIRECTION('center_axis',(3.92945172430605E-16,-1.,0.));
#3565=DIRECTION('ref_axis',(-1.,-3.92945172430605E-16,0.));
#3566=DIRECTION('',(7.40148683083438E-16,-1.,0.));
#3567=DIRECTION('center_axis',(3.92945172430605E-16,-1.,0.));
#3568=DIRECTION('ref_axis',(-1.,-3.92945172430605E-16,0.));
#3569=DIRECTION('center_axis',(3.92945172430605E-16,-1.,0.));
#3570=DIRECTION('ref_axis',(-1.,-7.40148683083438E-16,0.));
#3571=DIRECTION('center_axis',(7.40148683083438E-16,-1.,0.));
#3572=DIRECTION('ref_axis',(-1.,-7.40148683083438E-16,0.));
#3573=DIRECTION('center_axis',(-3.7470027081099E-15,-1.,0.));
#3574=DIRECTION('ref_axis',(-1.,-7.40148683083438E-16,0.));
#3575=DIRECTION('',(7.40148683083438E-16,-1.,0.));
#3576=DIRECTION('center_axis',(7.40148683083438E-16,-1.,0.));
#3577=DIRECTION('ref_axis',(-1.,-7.40148683083438E-16,0.));
#3578=DIRECTION('',(7.40148683083438E-16,-1.,0.));
#3579=DIRECTION('center_axis',(1.66533453693773E-16,1.,0.));
#3580=DIRECTION('ref_axis',(-1.,-7.40148683083438E-16,0.));
#3581=DIRECTION('center_axis',(0.,1.,0.));
#3582=DIRECTION('ref_axis',(1.,0.,0.));
#3583=DIRECTION('center_axis',(0.,1.,0.));
#3584=DIRECTION('ref_axis',(1.,0.,0.));
#3585=DIRECTION('',(0.,1.,0.));
#3586=DIRECTION('center_axis',(0.,1.,0.));
#3587=DIRECTION('ref_axis',(1.,0.,0.));
#3588=DIRECTION('center_axis',(0.,1.,0.));
#3589=DIRECTION('ref_axis',(1.,0.,0.));
#3590=DIRECTION('center_axis',(0.,-1.,0.));
#3591=DIRECTION('ref_axis',(1.,0.,0.));
#3592=DIRECTION('center_axis',(5.77315972805065E-14,-1.,0.));
#3593=DIRECTION('ref_axis',(1.,0.,0.));
#3594=DIRECTION('',(0.,-1.,0.));
#3595=DIRECTION('center_axis',(0.,-1.,0.));
#3596=DIRECTION('ref_axis',(1.,0.,0.));
#3597=DIRECTION('',(0.,-1.,0.));
#3598=DIRECTION('center_axis',(-1.46549439250521E-13,1.,0.));
#3599=DIRECTION('ref_axis',(1.,0.,0.));
#3600=DIRECTION('center_axis',(0.,0.,1.));
#3601=DIRECTION('ref_axis',(-0.455142102749923,-0.890418815111394,0.));
#3602=DIRECTION('center_axis',(0.,0.,1.));
#3603=DIRECTION('ref_axis',(-0.455142102749923,-0.890418815111394,0.));
#3604=DIRECTION('',(0.,0.,1.));
#3605=DIRECTION('center_axis',(0.,0.,-1.));
#3606=DIRECTION('ref_axis',(-0.455142102749923,-0.890418815111394,0.));
#3607=DIRECTION('',(0.,0.,1.));
#3608=DIRECTION('center_axis',(1.,5.55111512312578E-16,0.));
#3609=DIRECTION('ref_axis',(-5.55111512312578E-16,1.,0.));
#3610=DIRECTION('',(5.55111512312578E-16,-1.,0.));
#3611=DIRECTION('',(-5.55111512312578E-16,1.,0.));
#3612=DIRECTION('',(0.,0.,1.));
#3613=DIRECTION('center_axis',(1.46549439250521E-13,-1.,0.));
#3614=DIRECTION('ref_axis',(1.,1.46549439250521E-13,0.));
#3615=DIRECTION('',(-1.,-1.46549439250521E-13,0.));
#3616=DIRECTION('',(1.,1.46549439250521E-13,0.));
#3617=DIRECTION('',(0.,0.,1.));
#3618=DIRECTION('center_axis',(0.,0.,1.));
#3619=DIRECTION('ref_axis',(0.990031649058615,0.140845070422361,0.));
#3620=DIRECTION('center_axis',(0.,0.,1.));
#3621=DIRECTION('ref_axis',(0.990031649058615,0.140845070422361,0.));
#3622=DIRECTION('center_axis',(0.,0.,-1.));
#3623=DIRECTION('ref_axis',(0.990031649058615,0.140845070422361,0.));
#3624=DIRECTION('center_axis',(-5.77315972805065E-14,1.,0.));
#3625=DIRECTION('ref_axis',(-1.,-5.77315972805065E-14,0.));
#3626=DIRECTION('',(1.,5.77315972805065E-14,0.));
#3627=DIRECTION('',(0.,0.,1.));
#3628=DIRECTION('center_axis',(0.,0.,1.));
#3629=DIRECTION('ref_axis',(-1.,0.,0.));
#3630=DIRECTION('center_axis',(0.,0.,1.));
#3631=DIRECTION('ref_axis',(-1.,0.,0.));
#3632=DIRECTION('center_axis',(0.,0.,1.));
#3633=DIRECTION('ref_axis',(0.,1.,0.));
#3634=DIRECTION('center_axis',(0.,0.,1.));
#3635=DIRECTION('ref_axis',(0.,1.,0.));
#3636=DIRECTION('',(0.,0.,1.));
#3637=DIRECTION('center_axis',(-1.66533453693773E-16,-1.,0.));
#3638=DIRECTION('ref_axis',(1.,-1.66533453693773E-16,0.));
#3639=DIRECTION('',(1.,-1.66533453693773E-16,0.));
#3640=DIRECTION('',(0.,0.,1.));
#3641=DIRECTION('center_axis',(0.,0.,1.));
#3642=DIRECTION('ref_axis',(0.99003164905859,0.140845070422535,0.));
#3643=DIRECTION('center_axis',(0.,0.,1.));
#3644=DIRECTION('ref_axis',(0.99003164905859,0.140845070422535,0.));
#3645=DIRECTION('center_axis',(3.7470027081099E-15,1.,0.));
#3646=DIRECTION('ref_axis',(-1.,3.7470027081099E-15,0.));
#3647=DIRECTION('',(1.,-3.7470027081099E-15,0.));
#3648=DIRECTION('',(0.,0.,1.));
#3649=DIRECTION('center_axis',(1.,-5.55111512312578E-16,0.));
#3650=DIRECTION('ref_axis',(5.55111512312578E-16,1.,0.));
#3651=DIRECTION('',(-5.55111512312578E-16,-1.,0.));
#3652=DIRECTION('',(0.,0.,1.));
#3653=DIRECTION('center_axis',(0.,0.,1.));
#3654=DIRECTION('ref_axis',(-7.84189214238022E-17,1.,0.));
#3655=DIRECTION('center_axis',(0.,0.,1.));
#3656=DIRECTION('ref_axis',(-7.84189214238022E-17,1.,0.));
#3657=DIRECTION('',(0.,0.,1.));
#3658=DIRECTION('center_axis',(0.,0.,1.));
#3659=DIRECTION('ref_axis',(-1.,-2.86278937064051E-13,0.));
#3660=DIRECTION('center_axis',(0.,0.,1.));
#3661=DIRECTION('ref_axis',(-1.,-2.86278937064051E-13,0.));
#3662=DIRECTION('',(0.,0.,1.));
#3663=DIRECTION('',(0.,0.,1.));
#3664=DIRECTION('center_axis',(0.,0.,1.));
#3665=DIRECTION('ref_axis',(0.455142102749921,0.890418815111395,0.));
#3666=DIRECTION('center_axis',(0.,0.,1.));
#3667=DIRECTION('ref_axis',(0.455142102749921,0.890418815111395,0.));
#3668=DIRECTION('center_axis',(0.,0.,1.));
#3669=DIRECTION('ref_axis',(0.455142102749921,0.890418815111395,0.));
#3670=DIRECTION('center_axis',(0.,0.,1.));
#3671=DIRECTION('ref_axis',(1.,0.,0.));
#3672=DIRECTION('center_axis',(0.,0.,1.));
#3673=DIRECTION('ref_axis',(1.,0.,0.));
#3674=CARTESIAN_POINT('',(0.,0.,0.));
#3675=CARTESIAN_POINT('Origin',(0.,0.,0.));
#3676=CARTESIAN_POINT('',(-7.029224708316,-1.,25.));
#3677=CARTESIAN_POINT('',(-7.029224708316,-1.,0.));
#3678=CARTESIAN_POINT('',(-7.029224708316,-1.,0.));
#3679=CARTESIAN_POINT('',(7.029224708316,-0.99999999999997,25.));
#3680=CARTESIAN_POINT('Origin',(0.,0.,25.));
#3681=CARTESIAN_POINT('',(7.029224708316,-0.999999999999967,0.));
#3682=CARTESIAN_POINT('',(7.029224708316,-0.999999999999967,0.));
#3683=CARTESIAN_POINT('Origin',(0.,0.,0.));
#3684=CARTESIAN_POINT('Origin',(0.,67.5,0.));
#3685=CARTESIAN_POINT('',(-7.02922470831772,66.500000000001,25.));
#3686=CARTESIAN_POINT('',(-7.02922470831772,66.500000000001,0.));
#3687=CARTESIAN_POINT('',(-7.02922470831772,66.500000000001,0.));
#3688=CARTESIAN_POINT('',(-4.36463056856122,61.8999999999997,25.));
#3689=CARTESIAN_POINT('Origin',(0.,67.5,25.));
#3690=CARTESIAN_POINT('',(-4.36463056856122,61.8999999999997,85.25));
#3691=CARTESIAN_POINT('',(-4.36463056856122,61.8999999999997,30.));
#3692=CARTESIAN_POINT('',(4.57411886145564E-13,60.3999999999977,85.25));
#3693=CARTESIAN_POINT('Origin',(0.,67.5,85.25));
#3694=CARTESIAN_POINT('',(4.57411886145564E-13,60.3999999999977,75.));
#3695=CARTESIAN_POINT('',(4.57411886145564E-13,60.3999999999977,75.));
#3696=CARTESIAN_POINT('',(-4.07239269809333,73.3159795144531,75.));
#3697=CARTESIAN_POINT('Origin',(-1.04083408558608E-16,67.5,75.));
#3698=CARTESIAN_POINT('',(-4.07239269809333,73.3159795144531,30.));
#3699=CARTESIAN_POINT('',(-4.07239269809333,73.3159795144531,30.));
#3700=CARTESIAN_POINT('',(7.02922470831743,66.499999999999,30.));
#3701=CARTESIAN_POINT('Origin',(-1.04083408558608E-16,67.5,30.));
#3702=CARTESIAN_POINT('',(7.02922470831743,66.499999999999,0.));
#3703=CARTESIAN_POINT('',(7.02922470831743,66.499999999999,0.));
#3704=CARTESIAN_POINT('Origin',(0.,67.5,0.));
#3705=CARTESIAN_POINT('Origin',(35.5250000000001,9.10000000000021,44.));
#3706=CARTESIAN_POINT('',(43.4000000000001,12.1000000000002,44.));
#3707=CARTESIAN_POINT('Origin',(35.5250000000001,12.1000000000002,44.));
#3708=CARTESIAN_POINT('',(43.4000000000001,9.10000000000021,44.));
#3709=CARTESIAN_POINT('',(43.4000000000001,9.10000000000021,44.));
#3710=CARTESIAN_POINT('Origin',(35.5250000000001,9.10000000000036,44.));
#3711=CARTESIAN_POINT('Origin',(35.5250000000001,12.1000000000002,44.));
#3712=CARTESIAN_POINT('',(41.4000000000001,12.1000000000002,44.));
#3713=CARTESIAN_POINT('Origin',(35.5250000000001,12.1000000000002,44.));
#3714=CARTESIAN_POINT('Origin',(35.5250000000001,9.10000000000021,44.));
#3715=CARTESIAN_POINT('',(41.4000000000001,7.1,44.));
#3716=CARTESIAN_POINT('',(41.4000000000001,9.10000000000021,44.));
#3717=CARTESIAN_POINT('',(41.3142680936026,7.1,44.9999999701977));
#3718=CARTESIAN_POINT('Origin',(35.5250000000001,7.1,44.));
#3719=CARTESIAN_POINT('',(29.7357319063975,7.1,44.9999999701977));
#3720=CARTESIAN_POINT('Ctrl Pts',(29.7357319063975,7.1,44.9999999701977));
#3721=CARTESIAN_POINT('Ctrl Pts',(29.8088544684972,7.1,45.4233260985));
#3722=CARTESIAN_POINT('Ctrl Pts',(29.9304430834296,7.07241334416089,45.845313347532));
#3723=CARTESIAN_POINT('Ctrl Pts',(30.394429949337,6.93155329000291,46.9664422367991));
#3724=CARTESIAN_POINT('Ctrl Pts',(30.8410476654031,6.76603166072056,47.6193304515435));
#3725=CARTESIAN_POINT('Ctrl Pts',(31.8683664052098,6.42365064168609,48.6569793562348));
#3726=CARTESIAN_POINT('Ctrl Pts',(32.523682155887,6.22208139710333,49.1113107419934));
#3727=CARTESIAN_POINT('Ctrl Pts',(33.9728138976428,5.92225297388482,49.7204989779742));
#3728=CARTESIAN_POINT('Ctrl Pts',(34.7682671101967,5.83122985091031,49.875));
#3729=CARTESIAN_POINT('Ctrl Pts',(35.5250000000001,5.83122985091031,49.875));
#3730=CARTESIAN_POINT('Ctrl Pts',(36.2817328898035,5.83122985091031,49.875));
#3731=CARTESIAN_POINT('Ctrl Pts',(37.0771861023573,5.92225297388482,49.7204989779742));
#3732=CARTESIAN_POINT('Ctrl Pts',(38.5263178441131,6.22208139710333,49.1113107419934));
#3733=CARTESIAN_POINT('Ctrl Pts',(39.1816335947904,6.42365064168609,48.6569793562348));
#3734=CARTESIAN_POINT('Ctrl Pts',(40.208952334597,6.76603166072056,47.6193304515435));
#3735=CARTESIAN_POINT('Ctrl Pts',(40.6555700506631,6.93155329000291,46.9664422367991));
#3736=CARTESIAN_POINT('Ctrl Pts',(41.1195569165705,7.07241334416089,45.845313347532));
#3737=CARTESIAN_POINT('Ctrl Pts',(41.2411455315029,7.1,45.4233260985));
#3738=CARTESIAN_POINT('Ctrl Pts',(41.3142680936026,7.1,44.9999999701977));
#3739=CARTESIAN_POINT('Origin',(35.5250000000001,7.1,44.));
#3740=CARTESIAN_POINT('Origin',(23.129224708316,7.1,0.));
#3741=CARTESIAN_POINT('',(18.8999999701977,7.1,44.9999999701977));
#3742=CARTESIAN_POINT('',(21.0146123392568,7.1,44.9999999701977));
#3743=CARTESIAN_POINT('',(18.8999999701977,7.1,111.25));
#3744=CARTESIAN_POINT('',(18.8999999701977,7.1,57.7500000149012));
#3745=CARTESIAN_POINT('',(16.2,7.1,111.25));
#3746=CARTESIAN_POINT('',(16.2,7.1,111.25));
#3747=CARTESIAN_POINT('',(16.2,7.1,25.));
#3748=CARTESIAN_POINT('',(16.2,7.1,30.));
#3749=CARTESIAN_POINT('',(23.129224708316,7.10000000000001,25.));
#3750=CARTESIAN_POINT('',(28.025,7.1,25.));
#3751=CARTESIAN_POINT('',(23.129224708316,7.10000000000001,0.));
#3752=CARTESIAN_POINT('',(23.129224708316,7.10000000000001,0.));
#3753=CARTESIAN_POINT('',(49.4,7.1,0.));
#3754=CARTESIAN_POINT('',(41.4,7.1,0.));
#3755=CARTESIAN_POINT('',(49.4,7.1,44.9999999701977));
#3756=CARTESIAN_POINT('',(49.4,7.1,30.));
#3757=CARTESIAN_POINT('',(21.0146123392568,7.1,44.9999999701977));
#3758=CARTESIAN_POINT('',(42.1500000000001,7.10000000000021,33.));
#3759=CARTESIAN_POINT('',(42.1500000000001,7.10000000000021,19.));
#3760=CARTESIAN_POINT('',(42.1500000000001,7.1,9.5));
#3761=CARTESIAN_POINT('',(33.0500000000001,7.10000000000021,19.));
#3762=CARTESIAN_POINT('',(28.089612354158,7.1,19.));
#3763=CARTESIAN_POINT('',(33.0500000000001,7.10000000000021,33.));
#3764=CARTESIAN_POINT('',(33.0500000000001,7.1,16.5));
#3765=CARTESIAN_POINT('',(32.639612354158,7.1,33.));
#3766=CARTESIAN_POINT('Origin',(42.1500000000001,9.10000000000021,19.));
#3767=CARTESIAN_POINT('',(42.1500000000001,9.10000000000021,19.));
#3768=CARTESIAN_POINT('',(42.1500000000001,9.10000000000021,33.));
#3769=CARTESIAN_POINT('',(42.1500000000001,9.10000000000036,9.5));
#3770=CARTESIAN_POINT('',(42.1500000000001,9.10000000000021,19.));
#3771=CARTESIAN_POINT('',(42.1500000000001,9.10000000000021,33.));
#3772=CARTESIAN_POINT('Origin',(33.0500000000001,9.10000000000021,19.));
#3773=CARTESIAN_POINT('',(33.0500000000001,9.10000000000021,19.));
#3774=CARTESIAN_POINT('',(37.225,9.10000000000033,19.));
#3775=CARTESIAN_POINT('',(33.0500000000001,9.10000000000021,19.));
#3776=CARTESIAN_POINT('Origin',(33.0500000000001,9.10000000000021,33.));
#3777=CARTESIAN_POINT('',(33.0500000000001,9.10000000000021,33.));
#3778=CARTESIAN_POINT('',(33.0500000000001,9.1000000000003,16.5));
#3779=CARTESIAN_POINT('',(33.0500000000001,9.10000000000021,33.));
#3780=CARTESIAN_POINT('Origin',(42.1500000000001,9.10000000000021,33.));
#3781=CARTESIAN_POINT('',(41.775,9.10000000000036,33.));
#3782=CARTESIAN_POINT('Origin',(22.8999999701977,56.3999999999984,57.7500000149012));
#3783=CARTESIAN_POINT('',(18.8999999701977,56.3999999999984,111.500000029802));
#3784=CARTESIAN_POINT('',(22.8999999701972,60.3999999999984,111.500000029802));
#3785=CARTESIAN_POINT('Origin',(22.8999999701977,56.3999999999984,111.500000029802));
#3786=CARTESIAN_POINT('',(22.8999999701972,60.3999999999984,85.25));
#3787=CARTESIAN_POINT('',(22.8999999701972,60.3999999999984,57.7500000149012));
#3788=CARTESIAN_POINT('',(18.8999999701947,56.3999999999984,99.1064064605503));
#3789=CARTESIAN_POINT('Ctrl Pts',(18.8999999701977,56.399999999998,99.106406460551));
#3790=CARTESIAN_POINT('Ctrl Pts',(18.8999999701976,57.0481670412745,98.0773030672086));
#3791=CARTESIAN_POINT('Ctrl Pts',(19.05354757693,57.6331173296072,96.9871917887365));
#3792=CARTESIAN_POINT('Ctrl Pts',(19.5421983270216,58.6452046477783,94.7215078935009));
#3793=CARTESIAN_POINT('Ctrl Pts',(19.8793309237269,59.0720242269311,93.5462316476968));
#3794=CARTESIAN_POINT('Ctrl Pts',(21.040430818744,60.0878763404117,89.9697459242637));
#3795=CARTESIAN_POINT('Ctrl Pts',(22.0118035031665,60.3999999999983,87.5144655586469));
#3796=CARTESIAN_POINT('Ctrl Pts',(22.8999999701972,60.3999999999984,85.25));
#3797=CARTESIAN_POINT('',(18.8999999701977,56.3999999999984,57.7500000149012));
#3798=CARTESIAN_POINT('Origin',(22.8999999701977,7.1,111.500000029802));
#3799=CARTESIAN_POINT('',(18.8999999701977,-15.9,111.500000029802));
#3800=CARTESIAN_POINT('',(22.8999999701977,-15.9,115.500000029802));
#3801=CARTESIAN_POINT('Origin',(22.8999999701977,-15.9,111.500000029802));
#3802=CARTESIAN_POINT('',(22.8999999701977,56.3999999999984,115.500000029802));
#3803=CARTESIAN_POINT('',(22.8999999701977,7.1,115.500000029802));
#3804=CARTESIAN_POINT('Origin',(22.8999999701977,56.3999999999984,111.500000029802));
#3805=CARTESIAN_POINT('',(18.8999999701977,7.1,111.500000029802));
#3806=CARTESIAN_POINT('Origin',(22.8999999701977,56.3999999999984,111.500000029802));
#3807=CARTESIAN_POINT('Origin',(22.8999999701977,56.3999999999984,111.500000029802));
#3808=CARTESIAN_POINT('Origin',(41.4,60.4000000000004,0.));
#3809=CARTESIAN_POINT('',(28.0249999999982,60.399999999999,85.25));
#3810=CARTESIAN_POINT('',(49.4,60.4000000000004,111.500000029802));
#3811=CARTESIAN_POINT('',(41.3999999999971,60.4000000000004,111.500000029802));
#3812=CARTESIAN_POINT('',(49.4,60.4000000000004,0.));
#3813=CARTESIAN_POINT('',(49.4,60.4000000000004,30.));
#3814=CARTESIAN_POINT('',(23.1292247083189,60.3999999999984,0.));
#3815=CARTESIAN_POINT('',(41.4,60.4000000000004,0.));
#3816=CARTESIAN_POINT('',(23.1292247083189,60.3999999999984,25.));
#3817=CARTESIAN_POINT('',(23.1292247083189,60.3999999999984,0.));
#3818=CARTESIAN_POINT('',(23.1292247083189,60.3999999999984,75.));
#3819=CARTESIAN_POINT('',(23.1292247083189,60.3999999999984,30.));
#3820=CARTESIAN_POINT('',(28.0249999999985,60.3999999999989,75.));
#3821=CARTESIAN_POINT('',(23.93,60.3999999999997,46.22));
#3822=CARTESIAN_POINT('Origin',(24.93,60.4000000000004,46.22));
#3823=CARTESIAN_POINT('',(40.62,60.3999999999997,46.22));
#3824=CARTESIAN_POINT('Origin',(41.62,60.4000000000004,46.22));
#3825=CARTESIAN_POINT('',(41.45,60.3999999999997,44.45));
#3826=CARTESIAN_POINT('',(24.5,60.3999999999997,44.45));
#3827=CARTESIAN_POINT('',(32.9499999999999,60.3999999999995,44.45));
#3828=CARTESIAN_POINT('',(24.5,60.3999999999997,19.3));
#3829=CARTESIAN_POINT('',(24.5,60.3999999999986,9.65));
#3830=CARTESIAN_POINT('',(41.45,60.3999999999997,19.3));
#3831=CARTESIAN_POINT('',(41.4249999999999,60.4000000000004,19.3));
#3832=CARTESIAN_POINT('',(41.45,60.4000000000004,22.225));
#3833=CARTESIAN_POINT('Origin',(41.3999999999976,56.4000000000004,111.500000029802));
#3834=CARTESIAN_POINT('',(49.4,56.4000000000013,115.500000029802));
#3835=CARTESIAN_POINT('',(41.3999999999976,56.4000000000004,115.500000029802));
#3836=CARTESIAN_POINT('Origin',(49.3999999999947,56.4000000000013,111.500000029802));
#3837=CARTESIAN_POINT('Origin',(41.4,7.1,115.500000029802));
#3838=CARTESIAN_POINT('',(49.4,-15.9,115.500000029802));
#3839=CARTESIAN_POINT('',(41.4,-15.9,115.500000029802));
#3840=CARTESIAN_POINT('',(49.4,7.1,115.500000029802));
#3841=CARTESIAN_POINT('Origin',(30.1499999850988,-15.9,85.2500004246831));
#3842=CARTESIAN_POINT('',(18.8999999701977,-15.9,55.0000008195639));
#3843=CARTESIAN_POINT('',(18.8999999701977,-15.9,55.0000008195639));
#3844=CARTESIAN_POINT('',(49.4,-15.9,55.0000008195639));
#3845=CARTESIAN_POINT('',(41.4,-15.9,55.0000008195639));
#3846=CARTESIAN_POINT('',(49.4,-15.9,115.500000029802));
#3847=CARTESIAN_POINT('Origin',(49.4000000000001,7.1,113.5));
#3848=CARTESIAN_POINT('',(49.4,-2.9,55.0000008195639));
#3849=CARTESIAN_POINT('',(49.4,7.1,55.0000008195639));
#3850=CARTESIAN_POINT('Origin',(49.4000000000001,-2.9,44.9999999701977));
#3851=CARTESIAN_POINT('',(49.4,25.4999999999999,0.));
#3852=CARTESIAN_POINT('',(49.4,9.10000000000036,0.));
#3853=CARTESIAN_POINT('',(49.4,25.4999999999999,3.00000000000001));
#3854=CARTESIAN_POINT('',(49.4,25.4999999999999,60.));
#3855=CARTESIAN_POINT('',(49.4,9.10000000000002,3.00000000000001));
#3856=CARTESIAN_POINT('',(49.4,25.4999999999999,3.));
#3857=CARTESIAN_POINT('',(49.4,9.1,57.));
#3858=CARTESIAN_POINT('',(49.4,9.10000000000036,0.));
#3859=CARTESIAN_POINT('',(49.4,-13.9,57.));
#3860=CARTESIAN_POINT('',(49.4,7.1,57.));
#3861=CARTESIAN_POINT('',(49.4,-13.9,113.5));
#3862=CARTESIAN_POINT('',(49.4,-13.9,115.500000029802));
#3863=CARTESIAN_POINT('',(49.4,58.3999999999997,113.5));
#3864=CARTESIAN_POINT('',(49.4,7.1,113.5));
#3865=CARTESIAN_POINT('',(49.4,58.3999999999997,3.00000000000001));
#3866=CARTESIAN_POINT('',(49.4,58.3999999999997,0.));
#3867=CARTESIAN_POINT('',(49.4,41.9999999999999,3.00000000000001));
#3868=CARTESIAN_POINT('',(49.4,58.3999999999997,3.));
#3869=CARTESIAN_POINT('',(49.4,41.9999999999999,0.));
#3870=CARTESIAN_POINT('',(49.4,41.9999999999999,-3.08148791101958E-32));
#3871=CARTESIAN_POINT('',(49.4,9.10000000000002,0.));
#3872=CARTESIAN_POINT('',(49.4000000000001,6.21269836347919,55.8626983634792));
#3873=CARTESIAN_POINT('Origin',(49.4000000000001,6.21269836347919,54.1126983634792));
#3874=CARTESIAN_POINT('Origin',(24.93,58.3999999999997,46.22));
#3875=CARTESIAN_POINT('',(23.93,58.3999999999997,46.22));
#3876=CARTESIAN_POINT('Origin',(24.93,58.3999999999997,46.22));
#3877=CARTESIAN_POINT('',(23.93,58.3999999999997,46.22));
#3878=CARTESIAN_POINT('Origin',(41.62,58.3999999999997,46.22));
#3879=CARTESIAN_POINT('',(40.62,58.3999999999997,46.22));
#3880=CARTESIAN_POINT('Origin',(41.62,58.3999999999997,46.22));
#3881=CARTESIAN_POINT('',(40.62,58.3999999999997,46.22));
#3882=CARTESIAN_POINT('Origin',(24.5,58.3999999999997,44.45));
#3883=CARTESIAN_POINT('',(24.5,58.3999999999997,44.45));
#3884=CARTESIAN_POINT('',(41.45,58.3999999999997,44.45));
#3885=CARTESIAN_POINT('',(7.7,58.3999999999997,44.45));
#3886=CARTESIAN_POINT('',(24.5,58.3999999999997,44.45));
#3887=CARTESIAN_POINT('',(41.45,58.3999999999997,44.45));
#3888=CARTESIAN_POINT('Origin',(24.5,58.3999999999997,19.3));
#3889=CARTESIAN_POINT('',(24.5,58.3999999999997,19.3));
#3890=CARTESIAN_POINT('',(24.5,58.3999999999997,9.65000000000001));
#3891=CARTESIAN_POINT('',(24.5,58.3999999999997,19.3));
#3892=CARTESIAN_POINT('Origin',(41.45,58.3999999999997,19.3));
#3893=CARTESIAN_POINT('',(41.45,58.3999999999997,19.3));
#3894=CARTESIAN_POINT('',(16.175,58.3999999999997,19.3));
#3895=CARTESIAN_POINT('',(41.45,58.3999999999997,19.3));
#3896=CARTESIAN_POINT('Origin',(41.45,58.3999999999997,44.45));
#3897=CARTESIAN_POINT('',(41.45,58.3999999999997,22.225));
#3898=CARTESIAN_POINT('Origin',(22.9,58.3999999999998,48.25));
#3899=CARTESIAN_POINT('',(43.65,58.3999999999997,48.25));
#3900=CARTESIAN_POINT('',(22.9,58.3999999999998,48.25));
#3901=CARTESIAN_POINT('',(6.9,58.3999999999997,48.25));
#3902=CARTESIAN_POINT('',(43.65,57.3999999999997,48.25));
#3903=CARTESIAN_POINT('',(43.65,58.3999999999997,48.25));
#3904=CARTESIAN_POINT('',(22.9,57.3999999999998,48.25));
#3905=CARTESIAN_POINT('',(43.65,57.3999999999997,48.25));
#3906=CARTESIAN_POINT('',(22.9,58.3999999999998,48.25));
#3907=CARTESIAN_POINT('Origin',(22.9,58.3999999999998,18.));
#3908=CARTESIAN_POINT('',(22.9,58.3999999999998,18.));
#3909=CARTESIAN_POINT('',(22.9,58.3999999999997,9.));
#3910=CARTESIAN_POINT('',(22.9,57.3999999999998,18.));
#3911=CARTESIAN_POINT('',(22.9,57.3999999999998,48.25));
#3912=CARTESIAN_POINT('',(22.9,58.3999999999998,18.));
#3913=CARTESIAN_POINT('Origin',(43.65,58.3999999999998,18.));
#3914=CARTESIAN_POINT('',(43.65,58.3999999999998,18.));
#3915=CARTESIAN_POINT('',(17.275,58.3999999999997,18.));
#3916=CARTESIAN_POINT('',(43.65,57.3999999999998,18.));
#3917=CARTESIAN_POINT('',(22.9,57.3999999999998,18.));
#3918=CARTESIAN_POINT('',(43.65,58.3999999999998,18.));
#3919=CARTESIAN_POINT('Origin',(43.65,58.3999999999997,48.25));
#3920=CARTESIAN_POINT('',(43.65,58.3999999999997,24.125));
#3921=CARTESIAN_POINT('',(43.65,57.3999999999998,18.));
#3922=CARTESIAN_POINT('Origin',(45.65,58.3999999999998,16.));
#3923=CARTESIAN_POINT('',(45.65,58.3999999999997,50.25));
#3924=CARTESIAN_POINT('',(45.65,58.3999999999998,16.));
#3925=CARTESIAN_POINT('',(45.65,58.3999999999997,8.));
#3926=CARTESIAN_POINT('',(45.65,57.3999999999997,50.25));
#3927=CARTESIAN_POINT('',(45.65,58.3999999999997,50.25));
#3928=CARTESIAN_POINT('',(45.65,57.3999999999998,16.));
#3929=CARTESIAN_POINT('',(45.65,57.3999999999998,16.));
#3930=CARTESIAN_POINT('',(45.65,58.3999999999998,16.));
#3931=CARTESIAN_POINT('Origin',(20.9,58.3999999999998,16.));
#3932=CARTESIAN_POINT('',(20.9,58.3999999999998,16.));
#3933=CARTESIAN_POINT('',(5.90000000000001,58.3999999999997,16.));
#3934=CARTESIAN_POINT('',(20.9,57.3999999999998,16.));
#3935=CARTESIAN_POINT('',(20.9,57.3999999999998,16.));
#3936=CARTESIAN_POINT('',(20.9,58.3999999999998,16.));
#3937=CARTESIAN_POINT('Origin',(20.9,58.3999999999998,50.25));
#3938=CARTESIAN_POINT('',(20.9,58.3999999999998,50.25));
#3939=CARTESIAN_POINT('',(20.9,58.3999999999997,25.125));
#3940=CARTESIAN_POINT('',(20.9,57.3999999999998,50.25));
#3941=CARTESIAN_POINT('',(20.9,57.3999999999998,50.25));
#3942=CARTESIAN_POINT('',(20.9,58.3999999999998,50.25));
#3943=CARTESIAN_POINT('Origin',(45.65,58.3999999999997,50.25));
#3944=CARTESIAN_POINT('',(18.275,58.3999999999997,50.25));
#3945=CARTESIAN_POINT('',(45.65,57.3999999999997,50.25));
#3946=CARTESIAN_POINT('Origin',(33.275,57.3999999999997,33.125));
#3947=CARTESIAN_POINT('Origin',(-9.1,58.3999999999997,0.));
#3948=CARTESIAN_POINT('',(20.9000000000001,58.3999999999997,113.5));
#3949=CARTESIAN_POINT('',(20.9,58.3999999999997,83.25));
#3950=CARTESIAN_POINT('',(20.9000000000001,58.3999999999997,56.75));
#3951=CARTESIAN_POINT('',(-9.1,58.3999999999997,83.25));
#3952=CARTESIAN_POINT('',(5.90000000000003,58.3999999999997,83.25));
#3953=CARTESIAN_POINT('',(-9.1,58.3999999999997,3.));
#3954=CARTESIAN_POINT('',(-9.1,58.3999999999997,0.));
#3955=CARTESIAN_POINT('',(41.4,58.3999999999997,3.));
#3956=CARTESIAN_POINT('',(41.4,58.3999999999997,113.5));
#3957=CARTESIAN_POINT('',(9.6531603810102,58.3999999999997,17.2827974707093));
#3958=CARTESIAN_POINT('',(14.9832166554549,58.3999999999997,16.9491308038302));
#3959=CARTESIAN_POINT('',(0.852030669785036,58.3999999999997,17.8337566847037));
#3960=CARTESIAN_POINT('',(17.3592809827639,58.3999999999997,12.166333333121));
#3961=CARTESIAN_POINT('',(15.9763103766536,58.3999999999997,14.9501251021176));
#3962=CARTESIAN_POINT('',(14.4052890356282,58.3999999999997,7.71720252929075));
#3963=CARTESIAN_POINT('',(10.5084306052054,58.3999999999997,1.84798108548444));
#3964=CARTESIAN_POINT('',(9.07523276118356,58.3999999999997,8.05086919616978));
#3965=CARTESIAN_POINT('',(2.93913118718075,58.3999999999997,8.43499507672476));
#3966=CARTESIAN_POINT('',(6.69916843387454,58.3999999999997,12.833666666879));
#3967=CARTESIAN_POINT('',(8.88029431872781,58.3999999999997,8.44326222981181));
#3968=CARTESIAN_POINT('',(1.32531402988386,58.3999999999997,4.73987982115761));
#3969=CARTESIAN_POINT('Origin',(9.6531603810102,58.3999999999997,17.2827974707093));
#3970=CARTESIAN_POINT('',(9.6531603810102,61.6499999999997,17.2827974707093));
#3971=CARTESIAN_POINT('',(9.6531603810102,58.3999999999997,17.2827974707093));
#3972=CARTESIAN_POINT('',(14.9832166554549,61.6499999999997,16.9491308038302));
#3973=CARTESIAN_POINT('',(9.6531603810102,61.6499999999997,17.2827974707093));
#3974=CARTESIAN_POINT('',(14.9832166554549,58.3999999999997,16.9491308038302));
#3975=CARTESIAN_POINT('Origin',(6.69916843387454,58.3999999999997,12.833666666879));
#3976=CARTESIAN_POINT('',(6.69916843387454,61.6499999999997,12.833666666879));
#3977=CARTESIAN_POINT('',(6.69916843387454,58.3999999999997,12.833666666879));
#3978=CARTESIAN_POINT('',(6.69916843387454,61.6499999999997,12.833666666879));
#3979=CARTESIAN_POINT('Origin',(9.07523276118356,58.3999999999997,8.05086919616978));
#3980=CARTESIAN_POINT('',(9.07523276118356,61.6499999999997,8.05086919616978));
#3981=CARTESIAN_POINT('',(9.07523276118356,58.3999999999997,8.05086919616978));
#3982=CARTESIAN_POINT('',(9.07523276118356,61.6499999999997,8.05086919616978));
#3983=CARTESIAN_POINT('Origin',(14.4052890356282,58.3999999999997,7.71720252929075));
#3984=CARTESIAN_POINT('',(14.4052890356282,61.6499999999997,7.71720252929075));
#3985=CARTESIAN_POINT('',(14.4052890356282,58.3999999999997,7.71720252929075));
#3986=CARTESIAN_POINT('',(14.4052890356282,61.6499999999997,7.71720252929075));
#3987=CARTESIAN_POINT('Origin',(17.3592809827639,58.3999999999997,12.166333333121));
#3988=CARTESIAN_POINT('',(17.3592809827639,61.6499999999997,12.166333333121));
#3989=CARTESIAN_POINT('',(17.3592809827639,58.3999999999997,12.166333333121));
#3990=CARTESIAN_POINT('',(17.3592809827639,61.6499999999997,12.166333333121));
#3991=CARTESIAN_POINT('Origin',(14.9832166554549,58.3999999999997,16.9491308038302));
#3992=CARTESIAN_POINT('',(14.9832166554549,61.6499999999997,16.9491308038302));
#3993=CARTESIAN_POINT('Origin',(12.0292247083192,61.6499999999997,12.5));
#3994=CARTESIAN_POINT('',(9.72922470831916,61.6499999999997,12.5));
#3995=CARTESIAN_POINT('Origin',(12.0292247083192,61.6499999999997,12.5));
#3996=CARTESIAN_POINT('Origin',(6.69916843387454,9.1000000000002,12.833666666879));
#3997=CARTESIAN_POINT('',(6.69916843387454,9.1000000000002,12.833666666879));
#3998=CARTESIAN_POINT('',(9.07523276118356,9.1000000000002,8.05086919616978));
#3999=CARTESIAN_POINT('',(12.6904843649073,9.10000000000016,0.773702485010074));
#4000=CARTESIAN_POINT('',(6.69916843387454,5.8500000000002,12.833666666879));
#4001=CARTESIAN_POINT('',(6.69916843387454,9.1000000000002,12.833666666879));
#4002=CARTESIAN_POINT('',(9.07523276118356,5.8500000000002,8.05086919616978));
#4003=CARTESIAN_POINT('',(9.07523276118356,5.8500000000002,8.05086919616978));
#4004=CARTESIAN_POINT('',(9.07523276118356,9.1000000000002,8.05086919616978));
#4005=CARTESIAN_POINT('Origin',(9.6531603810102,9.1000000000002,17.2827974707093));
#4006=CARTESIAN_POINT('',(9.6531603810102,9.1000000000002,17.2827974707093));
#4007=CARTESIAN_POINT('',(10.5276532682988,9.10000000000015,18.5999077784536));
#4008=CARTESIAN_POINT('',(9.6531603810102,5.8500000000002,17.2827974707093));
#4009=CARTESIAN_POINT('',(9.6531603810102,9.1000000000002,17.2827974707093));
#4010=CARTESIAN_POINT('',(6.69916843387454,5.8500000000002,12.833666666879));
#4011=CARTESIAN_POINT('Origin',(14.9832166554549,9.1000000000002,16.9491308038302));
#4012=CARTESIAN_POINT('',(14.9832166554549,9.1000000000002,16.9491308038302));
#4013=CARTESIAN_POINT('',(28.6684933323263,9.10000000000027,16.0924192760397));
#4014=CARTESIAN_POINT('',(14.9832166554549,5.8500000000002,16.9491308038302));
#4015=CARTESIAN_POINT('',(14.9832166554549,9.1000000000002,16.9491308038302));
#4016=CARTESIAN_POINT('',(9.6531603810102,5.8500000000002,17.2827974707093));
#4017=CARTESIAN_POINT('Origin',(17.3592809827639,9.1000000000002,12.166333333121));
#4018=CARTESIAN_POINT('',(17.3592809827639,9.1000000000002,12.166333333121));
#4019=CARTESIAN_POINT('',(22.1625647501421,9.10000000000023,2.49776788660664));
#4020=CARTESIAN_POINT('',(17.3592809827639,5.8500000000002,12.166333333121));
#4021=CARTESIAN_POINT('',(17.3592809827639,9.1000000000002,12.166333333121));
#4022=CARTESIAN_POINT('',(14.9832166554549,5.8500000000002,16.9491308038302));
#4023=CARTESIAN_POINT('Origin',(14.4052890356282,9.1000000000002,7.71720252929075));
#4024=CARTESIAN_POINT('',(14.4052890356282,9.1000000000002,7.71720252929075));
#4025=CARTESIAN_POINT('',(16.7567778964847,9.10000000000019,11.2588782389502));
#4026=CARTESIAN_POINT('',(14.4052890356282,5.8500000000002,7.71720252929075));
#4027=CARTESIAN_POINT('',(14.4052890356282,9.1000000000002,7.71720252929075));
#4028=CARTESIAN_POINT('',(17.3592809827639,5.8500000000002,12.166333333121));
#4029=CARTESIAN_POINT('Origin',(9.07523276118356,9.1000000000002,8.05086919616978));
#4030=CARTESIAN_POINT('',(25.4255375752773,9.10000000000025,7.02732433493974));
#4031=CARTESIAN_POINT('',(14.4052890356282,5.8500000000002,7.71720252929075));
#4032=CARTESIAN_POINT('Origin',(12.0292247083192,5.8500000000002,12.5));
#4033=CARTESIAN_POINT('',(14.3292247083192,5.8500000000002,12.5));
#4034=CARTESIAN_POINT('Origin',(12.0292247083192,5.8500000000002,12.5));
#4035=CARTESIAN_POINT('Origin',(43.4000000000001,5.04715024966075,58.4625831429158));
#4036=CARTESIAN_POINT('',(43.4000000000001,0.853427824832446,54.2688607180876));
#4037=CARTESIAN_POINT('',(46.4000000000001,0.853427824832444,54.2688607180876));
#4038=CARTESIAN_POINT('',(21.0146123392568,0.853427824832442,54.2688607180876));
#4039=CARTESIAN_POINT('',(43.4000000000001,3.58456710674493,57.));
#4040=CARTESIAN_POINT('',(43.4000000000001,5.04715024966075,58.4625831429158));
#4041=CARTESIAN_POINT('',(46.4000000000001,3.58456710674493,57.));
#4042=CARTESIAN_POINT('',(42.4,3.58456710674492,57.));
#4043=CARTESIAN_POINT('',(46.4000000000001,5.04715024966075,58.4625831429158));
#4044=CARTESIAN_POINT('Origin',(46.4000000000001,4.5339087957308,52.4339087957308));
#4045=CARTESIAN_POINT('',(46.4000000000001,6.36886073070994,48.7534278374549));
#4046=CARTESIAN_POINT('Origin',(46.4000000000001,-2.9,44.9999999701977));
#4047=CARTESIAN_POINT('',(46.4000000000001,9.10000000000039,57.));
#4048=CARTESIAN_POINT('',(46.4000000000001,5.8169543978654,57.));
#4049=CARTESIAN_POINT('',(46.4000000000001,9.10000000000039,51.4845671067453));
#4050=CARTESIAN_POINT('',(46.4000000000001,9.10000000000039,26.2169543978654));
#4051=CARTESIAN_POINT('',(46.4000000000001,7.37824647729764,49.7628135840426));
#4052=CARTESIAN_POINT('',(46.4000000000001,6.21269836347919,55.8626983634792));
#4053=CARTESIAN_POINT('Origin',(46.4000000000001,6.21269836347919,54.1126983634792));
#4054=CARTESIAN_POINT('Origin',(43.4000000000001,4.02066734180086,46.4052344485458));
#4055=CARTESIAN_POINT('',(43.4000000000001,6.36886073070994,48.7534278374549));
#4056=CARTESIAN_POINT('',(21.0146123392568,6.36886073070995,48.7534278374549));
#4057=CARTESIAN_POINT('',(43.4000000000001,9.10000000000037,51.4845671067453));
#4058=CARTESIAN_POINT('',(42.3999999999998,9.10000000000037,51.4845671067453));
#4059=CARTESIAN_POINT('',(43.4000000000001,7.37824647729764,49.7628135840426));
#4060=CARTESIAN_POINT('Origin',(43.4000000000001,4.5339087957308,52.4339087957308));
#4061=CARTESIAN_POINT('Origin',(43.4000000000001,-2.9,44.9999999701977));
#4062=CARTESIAN_POINT('',(43.4000000000001,9.10000000000037,57.));
#4063=CARTESIAN_POINT('',(43.4000000000001,9.10000000000037,26.2169543978654));
#4064=CARTESIAN_POINT('',(43.4000000000001,5.8169543978654,57.));
#4065=CARTESIAN_POINT('',(43.4000000000001,6.21269836347919,55.8626983634792));
#4066=CARTESIAN_POINT('Origin',(43.4000000000001,6.21269836347919,54.1126983634792));
#4067=CARTESIAN_POINT('Origin',(41.4,7.1,57.));
#4068=CARTESIAN_POINT('',(20.9,9.1,57.));
#4069=CARTESIAN_POINT('',(41.4,9.10000000000036,57.));
#4070=CARTESIAN_POINT('',(20.9,-13.9,57.));
#4071=CARTESIAN_POINT('',(20.9,7.1,57.));
#4072=CARTESIAN_POINT('',(41.4,-13.9,57.));
#4073=CARTESIAN_POINT('',(41.4,9.10000000000036,57.));
#4074=CARTESIAN_POINT('Origin',(49.4000000000001,6.21269836347919,54.1126983634792));
#4075=CARTESIAN_POINT('',(33.9000000000001,6.21269836347919,55.8626983634792));
#4076=CARTESIAN_POINT('',(49.4000000000001,6.21269836347919,55.8626983634792));
#4077=CARTESIAN_POINT('Origin',(33.9000000000001,6.21269836347919,54.1126983634792));
#4078=CARTESIAN_POINT('Origin',(49.4000000000001,6.21269836347919,54.1126983634792));
#4079=CARTESIAN_POINT('',(49.4000000000001,6.21269836347919,55.8626983634792));
#4080=CARTESIAN_POINT('Origin',(33.9000000000001,6.21269836347919,54.1126983634792));
#4081=CARTESIAN_POINT('Origin',(21.0146123392568,-2.9,44.9999999701977));
#4082=CARTESIAN_POINT('',(18.8999999701977,-2.9,54.9999999701977));
#4083=CARTESIAN_POINT('',(21.0146123392568,-2.9,54.9999999701977));
#4084=CARTESIAN_POINT('Origin',(18.8999999701977,-2.9,44.9999999701977));
#4085=CARTESIAN_POINT('Origin',(28.025000000001,34.399999999999,85.25));
#4086=CARTESIAN_POINT('',(3.26405569239796E-12,34.3999999999959,111.25));
#4087=CARTESIAN_POINT('Origin',(3.26405569239796E-12,34.3999999999959,85.25));
#4088=CARTESIAN_POINT('',(18.8999999701977,34.399999999998,111.25));
#4089=CARTESIAN_POINT('',(28.025000000001,34.399999999999,111.25));
#4090=CARTESIAN_POINT('Origin',(18.8999999701947,34.399999999998,85.25));
#4091=CARTESIAN_POINT('Origin',(0.,67.5,85.25));
#4092=CARTESIAN_POINT('',(-12.1,59.9000000000015,103.198231408637));
#4093=CARTESIAN_POINT('',(-12.1,36.6909104321451,111.25));
#4094=CARTESIAN_POINT('Ctrl Pts',(-12.1,59.9000000000015,103.198231408637));
#4095=CARTESIAN_POINT('Ctrl Pts',(-12.1,59.6723530725101,103.32513505598));
#4096=CARTESIAN_POINT('Ctrl Pts',(-12.1,59.4458035407881,103.452936001184));
#4097=CARTESIAN_POINT('Ctrl Pts',(-12.1,58.3419558321912,104.079947040811));
#4098=CARTESIAN_POINT('Ctrl Pts',(-12.1,57.4819231909046,104.580205911114));
#4099=CARTESIAN_POINT('Ctrl Pts',(-12.1,55.6342154444539,105.629795884041));
#4100=CARTESIAN_POINT('Ctrl Pts',(-12.1,54.5023644989485,106.25596411856));
#4101=CARTESIAN_POINT('Ctrl Pts',(-12.1,52.1997769197803,107.429686737868));
#4102=CARTESIAN_POINT('Ctrl Pts',(-12.1,51.0282126770771,107.975616826521));
#4103=CARTESIAN_POINT('Ctrl Pts',(-12.1,47.9660354173382,109.256740890647));
#4104=CARTESIAN_POINT('Ctrl Pts',(-12.1,45.7343407409345,110.006160737948));
#4105=CARTESIAN_POINT('Ctrl Pts',(-12.1,41.1688096435287,111.004002772154));
#4106=CARTESIAN_POINT('Ctrl Pts',(-12.1,38.8344435610728,111.25));
#4107=CARTESIAN_POINT('Ctrl Pts',(-12.1,36.6909104321451,111.25));
#4108=CARTESIAN_POINT('Origin',(0.,67.5,111.25));
#4109=CARTESIAN_POINT('',(-10.1000000000018,61.8999999999997,99.7943066455054));
#4110=CARTESIAN_POINT('Ctrl Pts',(-4.36463056856122,61.8999999999997,85.25));
#4111=CARTESIAN_POINT('Ctrl Pts',(-4.36463056856122,61.8999999999997,86.7562317329112));
#4112=CARTESIAN_POINT('Ctrl Pts',(-4.59941810871787,61.8999999999997,88.3816357918084));
#4113=CARTESIAN_POINT('Ctrl Pts',(-5.46865337461433,61.8999999999997,91.5368972696257));
#4114=CARTESIAN_POINT('Ctrl Pts',(-6.0892354794817,61.8999999999997,93.0705581154111));
#4115=CARTESIAN_POINT('Ctrl Pts',(-7.51876659662373,61.8999999999997,95.9886923683935));
#4116=CARTESIAN_POINT('Ctrl Pts',(-8.50107731488496,61.8999999999997,97.6292975719));
#4117=CARTESIAN_POINT('Ctrl Pts',(-9.78188753173266,61.8999999999997,99.3767472662946));
#4118=CARTESIAN_POINT('Ctrl Pts',(-9.93978475695129,61.8999999999997,99.5866820795167));
#4119=CARTESIAN_POINT('Ctrl Pts',(-10.1000000000018,61.8999999999997,99.7943066455054));
#4120=CARTESIAN_POINT('Ctrl Pts',(-10.1000000000018,61.8999999999997,99.7943066455054));
#4121=CARTESIAN_POINT('Ctrl Pts',(-10.187825197878,61.8999999999997,99.9081202143314));
#4122=CARTESIAN_POINT('Ctrl Pts',(-10.2763539305934,61.894213340678,100.025393650958));
#4123=CARTESIAN_POINT('Ctrl Pts',(-10.5362065769874,61.8594846737237,100.375929146664));
#4124=CARTESIAN_POINT('Ctrl Pts',(-10.7043283031394,61.8144076988637,100.610562247772));
#4125=CARTESIAN_POINT('Ctrl Pts',(-10.8972003534479,61.7345843308273,100.887878250357));
#4126=CARTESIAN_POINT('Ctrl Pts',(-10.9293292322065,61.7202904634931,100.934372093606));
#4127=CARTESIAN_POINT('Ctrl Pts',(-10.9773462719601,61.6973827825831,101.004324582971));
#4128=CARTESIAN_POINT('Ctrl Pts',(-10.9934534446273,61.6894314389962,101.027870673681));
#4129=CARTESIAN_POINT('Ctrl Pts',(-11.0222797566674,61.6747130750868,101.070159182085));
#4130=CARTESIAN_POINT('Ctrl Pts',(-11.0350281819297,61.6680300340652,101.088914355545));
#4131=CARTESIAN_POINT('Ctrl Pts',(-11.0620203443489,61.653505168238,101.128740239057));
#4132=CARTESIAN_POINT('Ctrl Pts',(-11.0762516970023,61.6456226411278,101.149807286858));
#4133=CARTESIAN_POINT('Ctrl Pts',(-11.1141128019886,61.6240415496017,101.206044965706));
#4134=CARTESIAN_POINT('Ctrl Pts',(-11.1376254683803,61.6099968687677,101.241170703516));
#4135=CARTESIAN_POINT('Ctrl Pts',(-11.220385966742,61.5582081324126,101.365563100658));
#4136=CARTESIAN_POINT('Ctrl Pts',(-11.2785701990641,61.5174474368384,101.454408689928));
#4137=CARTESIAN_POINT('Ctrl Pts',(-11.4262819976555,61.4014720065042,101.684323247866));
#4138=CARTESIAN_POINT('Ctrl Pts',(-11.5134575079992,61.3202192607804,101.824454624392));
#4139=CARTESIAN_POINT('Ctrl Pts',(-11.7521377643984,61.0518206044352,102.226876695441));
#4140=CARTESIAN_POINT('Ctrl Pts',(-11.8884803824486,60.8353154559549,102.48189284862));
#4141=CARTESIAN_POINT('Ctrl Pts',(-12.0599719904602,60.3613065626465,102.907300347437));
#4142=CARTESIAN_POINT('Ctrl Pts',(-12.1,60.1307797476411,103.069581345001));
#4143=CARTESIAN_POINT('Ctrl Pts',(-12.1,59.9000000000015,103.198231408637));
#4144=CARTESIAN_POINT('Origin',(14.65,26.3999999999998,111.25));
#4145=CARTESIAN_POINT('',(-12.1,7.1,111.25));
#4146=CARTESIAN_POINT('',(-12.1,59.8999999999997,111.25));
#4147=CARTESIAN_POINT('',(-9.10000000000073,4.10000000000073,111.25));
#4148=CARTESIAN_POINT('Origin',(-9.10000000000073,7.1,111.25));
#4149=CARTESIAN_POINT('',(-5.79655069847577,4.10000000000002,111.25));
#4150=CARTESIAN_POINT('',(-9.10000000000073,4.10000000000073,111.25));
#4151=CARTESIAN_POINT('',(2.22044604925031E-15,-7.1,111.25));
#4152=CARTESIAN_POINT('Origin',(1.11022302462516E-15,1.66533453693773E-15,
111.25));
#4153=CARTESIAN_POINT('',(0.,-9.10000000000001,111.25));
#4154=CARTESIAN_POINT('',(1.11022302462516E-15,-7.1,111.25));
#4155=CARTESIAN_POINT('',(9.10000000000002,1.11022302462516E-15,111.25));
#4156=CARTESIAN_POINT('Origin',(1.11022302462516E-15,1.66533453693773E-15,
111.25));
#4157=CARTESIAN_POINT('Origin',(16.2,3.33066907387547E-15,111.25));
#4158=CARTESIAN_POINT('',(18.8999999701977,17.75,111.25));
#4159=CARTESIAN_POINT('Origin',(-12.1,60.3999999999955,0.));
#4160=CARTESIAN_POINT('',(-12.1,59.8999999999997,25.));
#4161=CARTESIAN_POINT('',(-12.1,59.9000000000015,30.));
#4162=CARTESIAN_POINT('',(-12.1,60.3999999999955,25.));
#4163=CARTESIAN_POINT('',(-12.1,7.1,25.));
#4164=CARTESIAN_POINT('',(-12.1,60.3999999999955,0.));
#4165=CARTESIAN_POINT('',(-12.1,60.3999999999955,0.));
#4166=CARTESIAN_POINT('',(-12.1,7.10000000000001,0.));
#4167=CARTESIAN_POINT('',(-12.1,7.1,0.));
#4168=CARTESIAN_POINT('',(-12.1,7.10000000000001,25.));
#4169=CARTESIAN_POINT('',(-12.1,7.10000000000001,0.));
#4170=CARTESIAN_POINT('',(-12.1,7.1,30.));
#4171=CARTESIAN_POINT('Origin',(-10.1000000000018,59.9000000000015,30.));
#4172=CARTESIAN_POINT('',(-10.1,61.8999999999997,25.));
#4173=CARTESIAN_POINT('',(-10.1000000000018,61.8999999999997,30.));
#4174=CARTESIAN_POINT('Origin',(-10.1,59.8999999999997,25.));
#4175=CARTESIAN_POINT('Origin',(5.90000000000003,32.3999999999997,83.25));
#4176=CARTESIAN_POINT('',(-9.09999999999999,32.3999999999997,109.25));
#4177=CARTESIAN_POINT('Origin',(-9.1,32.3999999999997,83.25));
#4178=CARTESIAN_POINT('',(20.9000000000001,32.3999999999997,109.25));
#4179=CARTESIAN_POINT('Origin',(20.9,32.3999999999997,83.25));
#4180=CARTESIAN_POINT('',(5.90000000000003,32.3999999999997,109.25));
#4181=CARTESIAN_POINT('Origin',(-9.1,58.3999999999997,0.));
#4182=CARTESIAN_POINT('Origin',(-9.1,25.4999999999999,3.));
#4183=CARTESIAN_POINT('',(-9.1,22.4999998807906,3.));
#4184=CARTESIAN_POINT('',(6.00000000000001,22.4999998807906,3.));
#4185=CARTESIAN_POINT('',(-9.1,22.4999998807906,3.));
#4186=CARTESIAN_POINT('',(-9.1,9.10000000000002,3.));
#4187=CARTESIAN_POINT('',(-9.09999999999999,17.2999999999999,3.));
#4188=CARTESIAN_POINT('',(16.1500000000001,9.10000000000019,3.));
#4189=CARTESIAN_POINT('',(6.00000000000001,25.4999999999999,3.));
#4190=CARTESIAN_POINT('',(-9.1,25.4999999999999,3.));
#4191=CARTESIAN_POINT('',(6.00000000000001,25.4999999999999,3.));
#4192=CARTESIAN_POINT('Origin',(41.4,9.10000000000036,0.));
#4193=CARTESIAN_POINT('',(-9.09999999999993,9.10000000000019,109.25));
#4194=CARTESIAN_POINT('',(-9.09999999999999,9.10000000000002,0.));
#4195=CARTESIAN_POINT('',(20.9000000000001,9.10000000000019,109.25));
#4196=CARTESIAN_POINT('',(31.15,9.10000000000029,109.25));
#4197=CARTESIAN_POINT('',(20.9,9.10000000000022,28.5));
#4198=CARTESIAN_POINT('Origin',(-9.09999999999999,9.10000000000002,0.));
#4199=CARTESIAN_POINT('',(-9.09999999999999,9.1000000000001,109.25));
#4200=CARTESIAN_POINT('',(-9.1,22.4999998807906,57.));
#4201=CARTESIAN_POINT('',(-9.09999999999999,22.4999998807906,28.5));
#4202=CARTESIAN_POINT('',(-9.1,23.2499999999999,60.));
#4203=CARTESIAN_POINT('',(-9.09999999999999,15.7749988855098,30.1000002945171));
#4204=CARTESIAN_POINT('',(-9.1,23.2499999999999,106.3));
#4205=CARTESIAN_POINT('',(-9.09999999999999,23.2499999999999,50.));
#4206=CARTESIAN_POINT('',(-9.1,33.7499999999999,106.3));
#4207=CARTESIAN_POINT('',(-9.09999999999999,26.6749999999999,106.3));
#4208=CARTESIAN_POINT('',(-9.1,44.2499999999999,106.3));
#4209=CARTESIAN_POINT('',(-9.09999999999999,26.6749999999999,106.3));
#4210=CARTESIAN_POINT('',(-9.1,44.2499999999998,60.));
#4211=CARTESIAN_POINT('',(-9.1,44.2499999999999,51.5000000596046));
#4212=CARTESIAN_POINT('',(-9.1,45.0000001192092,57.));
#4213=CARTESIAN_POINT('',(-9.1,50.6500007402663,34.4000011079454));
#4214=CARTESIAN_POINT('',(-9.1,45.0000001192091,36.75));
#4215=CARTESIAN_POINT('',(-9.1,45.0000001192091,18.375));
#4216=CARTESIAN_POINT('',(-9.1,41.9999999999999,36.75));
#4217=CARTESIAN_POINT('',(-9.1,25.5499999999999,36.75));
#4218=CARTESIAN_POINT('',(-9.1,41.9999999999999,13.25));
#4219=CARTESIAN_POINT('',(-9.1,41.9999999999999,-1.54074395550979E-32));
#4220=CARTESIAN_POINT('',(-9.1,45.0000001192091,13.25));
#4221=CARTESIAN_POINT('',(-9.1,27.0500000596046,13.25));
#4222=CARTESIAN_POINT('',(-9.1,45.0000001192091,3.));
#4223=CARTESIAN_POINT('',(-9.1,45.0000001192091,1.49999999999997));
#4224=CARTESIAN_POINT('',(-9.1,33.7499999999999,3.));
#4225=CARTESIAN_POINT('Origin',(-9.1,58.3999999999997,3.));
#4226=CARTESIAN_POINT('',(6.00000000000001,41.9999999999999,3.));
#4227=CARTESIAN_POINT('',(6.00000000000001,45.0000001192091,3.));
#4228=CARTESIAN_POINT('',(6.00000000000001,58.3999999999997,3.));
#4229=CARTESIAN_POINT('',(-9.1,41.9999999999999,3.));
#4230=CARTESIAN_POINT('',(-9.1,45.0000001192091,3.));
#4231=CARTESIAN_POINT('Origin',(20.9000000000001,9.10000000000019,109.25));
#4232=CARTESIAN_POINT('',(20.9000000000001,9.10000000000019,109.25));
#4233=CARTESIAN_POINT('Origin',(30.1499999850988,-13.9,85.2500004246831));
#4234=CARTESIAN_POINT('',(20.9,-13.9,113.5));
#4235=CARTESIAN_POINT('',(41.4,-13.9,113.5));
#4236=CARTESIAN_POINT('',(20.9,-13.9,113.5));
#4237=CARTESIAN_POINT('Origin',(18.8999999701977,7.1,54.9999999701977));
#4238=CARTESIAN_POINT('',(18.8999999701977,7.1,54.9999999701977));
#4239=CARTESIAN_POINT('Origin',(18.8999999701977,7.1,115.500000029802));
#4240=CARTESIAN_POINT('Origin',(20.9,7.1,113.5));
#4241=CARTESIAN_POINT('',(20.9,7.1,113.5));
#4242=CARTESIAN_POINT('Origin',(20.9,7.1,57.));
#4243=CARTESIAN_POINT('Origin',(-9.1,33.7499999999999,104.5));
#4244=CARTESIAN_POINT('',(5.9,33.7499999999999,106.3));
#4245=CARTESIAN_POINT('Origin',(5.9,33.7499999999999,104.5));
#4246=CARTESIAN_POINT('',(-9.1,33.7499999999999,106.3));
#4247=CARTESIAN_POINT('',(-4.25,32.7550123831785,103.000000119209));
#4248=CARTESIAN_POINT('Origin',(-6.45454535898101,33.7499999999999,104.5));
#4249=CARTESIAN_POINT('',(-4.25,34.7449876168212,103.000000119209));
#4250=CARTESIAN_POINT('Origin',(-4.25,33.7499999999999,104.5));
#4251=CARTESIAN_POINT('Origin',(-6.45454535898101,33.7499999999999,104.5));
#4252=CARTESIAN_POINT('Origin',(5.9,33.7499999999999,104.5));
#4253=CARTESIAN_POINT('Origin',(-4.25,33.7499999999999,101.500000059605));
#4254=CARTESIAN_POINT('',(-4.25,23.2499999999999,103.000000119209));
#4255=CARTESIAN_POINT('',(-4.25,23.2499999999999,103.000000119209));
#4256=CARTESIAN_POINT('',(-4.25,23.2499999999999,100.));
#4257=CARTESIAN_POINT('',(-4.25,23.2499999999999,103.000000119209));
#4258=CARTESIAN_POINT('',(-4.25,44.2499999999999,100.));
#4259=CARTESIAN_POINT('',(-4.25,44.2499999999999,100.));
#4260=CARTESIAN_POINT('',(-4.25,44.2499999999999,103.000000119209));
#4261=CARTESIAN_POINT('',(-4.25,44.2499999999999,100.));
#4262=CARTESIAN_POINT('',(-4.25,23.2499999999999,103.000000119209));
#4263=CARTESIAN_POINT('Origin',(-4.25,44.2499999999999,103.000000119209));
#4264=CARTESIAN_POINT('',(-4.25,23.2499999999999,103.000000119209));
#4265=CARTESIAN_POINT('Origin',(-4.25,44.2499999999999,103.000000119209));
#4266=CARTESIAN_POINT('',(-4.25,44.2499999999999,103.000000119209));
#4267=CARTESIAN_POINT('Origin',(-9.1,23.2499999999999,100.));
#4268=CARTESIAN_POINT('',(-8.25,44.2499999999999,100.));
#4269=CARTESIAN_POINT('',(-8.25,23.2499999999999,100.));
#4270=CARTESIAN_POINT('',(-8.25,44.2499999999999,100.));
#4271=CARTESIAN_POINT('',(-9.1,44.2499999999999,100.));
#4272=CARTESIAN_POINT('',(-9.1,23.2499999999999,100.));
#4273=CARTESIAN_POINT('Origin',(-9.1,25.4999999999999,3.));
#4274=CARTESIAN_POINT('',(-6.15,25.4999999999999,60.));
#4275=CARTESIAN_POINT('',(-6.15,25.4999999999999,3.08148791101958E-32));
#4276=CARTESIAN_POINT('',(-6.15,25.4999999999999,60.));
#4277=CARTESIAN_POINT('',(6.00000000000001,25.4999999999999,60.));
#4278=CARTESIAN_POINT('',(-9.1,25.4999999999999,60.));
#4279=CARTESIAN_POINT('',(6.00000000000001,25.4999999999999,60.));
#4280=CARTESIAN_POINT('',(-9.1,25.4999999999999,0.));
#4281=CARTESIAN_POINT('Origin',(-9.1,22.4999998807906,57.));
#4282=CARTESIAN_POINT('',(6.00000000000001,22.4999998807906,57.));
#4283=CARTESIAN_POINT('',(6.00000000000001,22.4999998807906,57.));
#4284=CARTESIAN_POINT('',(-9.1,22.4999998807906,57.));
#4285=CARTESIAN_POINT('Origin',(-9.1,23.2499999999999,60.));
#4286=CARTESIAN_POINT('',(6.00000000000001,23.2499999999999,60.));
#4287=CARTESIAN_POINT('',(6.00000000000001,23.2499999999999,60.));
#4288=CARTESIAN_POINT('',(-8.25,23.2499999999999,60.));
#4289=CARTESIAN_POINT('',(-9.1,23.2499999999999,60.));
#4290=CARTESIAN_POINT('',(-9.1,23.2499999999999,60.));
#4291=CARTESIAN_POINT('Origin',(6.00000000000001,33.7499999999999,55.625));
#4292=CARTESIAN_POINT('',(6.00000000000001,23.2499999999999,60.));
#4293=CARTESIAN_POINT('Origin',(-9.1,41.9999999999999,13.25));
#4294=CARTESIAN_POINT('',(-6.15,41.9999999999999,-3.08148791101958E-32));
#4295=CARTESIAN_POINT('',(-6.15,41.9999999999999,13.25));
#4296=CARTESIAN_POINT('',(-6.15,41.9999999999999,-3.08148791101958E-32));
#4297=CARTESIAN_POINT('',(-9.1,41.9999999999999,-3.08148791101958E-32));
#4298=CARTESIAN_POINT('',(6.00000000000001,41.9999999999999,13.25));
#4299=CARTESIAN_POINT('',(6.00000000000001,41.9999999999999,-3.08148791101958E-32));
#4300=CARTESIAN_POINT('',(-9.1,41.9999999999999,13.25));
#4301=CARTESIAN_POINT('Origin',(-9.1,45.0000001192091,13.25));
#4302=CARTESIAN_POINT('',(-9.1,41.9999999999999,13.25));
#4303=CARTESIAN_POINT('',(6.00000000000001,45.0000001192091,13.25));
#4304=CARTESIAN_POINT('',(6.00000000000001,45.0000001192091,13.25));
#4305=CARTESIAN_POINT('',(-9.1,45.0000001192091,13.25));
#4306=CARTESIAN_POINT('Origin',(-9.1,45.0000001192091,3.));
#4307=CARTESIAN_POINT('',(6.00000000000001,45.0000001192091,3.));
#4308=CARTESIAN_POINT('Origin',(6.00000000000001,43.5000000596045,8.125));
#4309=CARTESIAN_POINT('Origin',(-9.1,41.9999999999999,-3.08148791101958E-32));
#4310=CARTESIAN_POINT('',(-6.15,41.9999999999999,36.75));
#4311=CARTESIAN_POINT('',(-9.1,41.9999999999999,36.75));
#4312=CARTESIAN_POINT('',(-6.15,41.9999999999999,-3.08148791101958E-32));
#4313=CARTESIAN_POINT('Origin',(-9.1,41.9999999999999,36.75));
#4314=CARTESIAN_POINT('',(6.00000000000001,45.0000001192091,36.75));
#4315=CARTESIAN_POINT('',(-9.1,45.0000001192091,36.75));
#4316=CARTESIAN_POINT('',(6.00000000000001,41.9999999999999,36.75));
#4317=CARTESIAN_POINT('',(6.00000000000001,45.0000001192091,36.75));
#4318=CARTESIAN_POINT('',(-9.1,41.9999999999999,36.75));
#4319=CARTESIAN_POINT('Origin',(-9.1,41.9999999999999,60.));
#4320=CARTESIAN_POINT('',(-6.15,41.9999999999999,60.));
#4321=CARTESIAN_POINT('',(-6.15,41.9999999999999,-3.08148791101958E-32));
#4322=CARTESIAN_POINT('',(6.00000000000001,41.9999999999999,60.));
#4323=CARTESIAN_POINT('',(6.00000000000001,41.9999999999999,-3.08148791101958E-32));
#4324=CARTESIAN_POINT('',(-9.1,41.9999999999999,60.));
#4325=CARTESIAN_POINT('Origin',(-9.1,45.0000001192092,57.));
#4326=CARTESIAN_POINT('',(-8.25,44.2499999999998,60.));
#4327=CARTESIAN_POINT('',(-9.1,44.2499999999998,60.));
#4328=CARTESIAN_POINT('',(6.00000000000001,44.2499999999998,60.));
#4329=CARTESIAN_POINT('',(-9.1,44.2499999999998,60.));
#4330=CARTESIAN_POINT('',(6.00000000000001,45.0000001192092,57.));
#4331=CARTESIAN_POINT('',(6.00000000000001,45.0000001192092,57.));
#4332=CARTESIAN_POINT('',(-9.1,45.0000001192092,57.));
#4333=CARTESIAN_POINT('Origin',(-9.1,45.0000001192091,36.75));
#4334=CARTESIAN_POINT('',(6.00000000000001,45.0000001192091,36.75));
#4335=CARTESIAN_POINT('Origin',(6.00000000000001,43.5000000596045,48.375));
#4336=CARTESIAN_POINT('',(6.00000000000001,41.9999999999999,60.));
#4337=CARTESIAN_POINT('Origin',(-9.1,23.2499999999999,100.));
#4338=CARTESIAN_POINT('',(-8.25,23.2499999999999,100.));
#4339=CARTESIAN_POINT('Origin',(-9.1,44.2499999999998,60.));
#4340=CARTESIAN_POINT('',(-8.25,44.2499999999998,60.));
#4341=CARTESIAN_POINT('Origin',(-8.25,33.7499999999999,80.));
#4342=CARTESIAN_POINT('',(-8.25,23.2499999999999,60.));
#4343=CARTESIAN_POINT('Origin',(-9.1,41.9999999999999,60.));
#4344=CARTESIAN_POINT('',(-6.15,41.9999999999999,60.));
#4345=CARTESIAN_POINT('Origin',(-6.15,33.7499999999999,30.));
#4346=CARTESIAN_POINT('',(-6.15,25.4999999999999,3.08148791101958E-32));
#4347=CARTESIAN_POINT('Origin',(14.65,33.7500000000001,75.));
#4348=CARTESIAN_POINT('',(8.55205888690931,70.6100303527201,75.));
#4349=CARTESIAN_POINT('Origin',(23.129224708318,75.911143074314,75.));
#4350=CARTESIAN_POINT('',(-5.21954557079468,74.95428360303,75.));
#4351=CARTESIAN_POINT('Origin',(-1.04083408558608E-16,67.5,75.));
#4352=CARTESIAN_POINT('',(-5.21954557079468,74.95428360303,75.));
#4353=CARTESIAN_POINT('Origin',(14.65,33.7500000000001,30.));
#4354=CARTESIAN_POINT('',(7.029224708316,1.00000000000001,30.));
#4355=CARTESIAN_POINT('',(9.17077529168403,1.,30.));
#4356=CARTESIAN_POINT('',(11.910387645842,1.,30.));
#4357=CARTESIAN_POINT('',(9.10000000000002,1.38567599948198E-15,30.));
#4358=CARTESIAN_POINT('Origin',(16.2,1.94289029309402E-15,30.));
#4359=CARTESIAN_POINT('',(1.06251812903579E-15,-9.10000000000001,30.));
#4360=CARTESIAN_POINT('Origin',(1.06251812903579E-15,1.94289029309402E-15,
30.));
#4361=CARTESIAN_POINT('',(1.06251812903579E-15,-7.1,30.));
#4362=CARTESIAN_POINT('',(1.06251812903579E-15,-7.1,30.));
#4363=CARTESIAN_POINT('Origin',(1.06251812903579E-15,1.94289029309402E-15,
30.));
#4364=CARTESIAN_POINT('Origin',(14.65,33.7500000000001,30.));
#4365=CARTESIAN_POINT('',(10.7993445180379,66.4999999999992,30.));
#4366=CARTESIAN_POINT('',(10.8396123541578,66.4999999999992,30.));
#4367=CARTESIAN_POINT('',(-5.21954557079468,74.95428360303,30.));
#4368=CARTESIAN_POINT('',(-5.21954557079468,74.95428360303,30.));
#4369=CARTESIAN_POINT('',(8.55205888690931,70.6100303527201,30.));
#4370=CARTESIAN_POINT('Origin',(-1.04083408558608E-16,67.5,30.));
#4371=CARTESIAN_POINT('Origin',(23.129224708318,75.911143074314,30.));
#4372=CARTESIAN_POINT('Origin',(16.2,1.94289029309402E-15,30.));
#4373=CARTESIAN_POINT('',(9.10000000000002,1.38567599948198E-15,30.));
#4374=CARTESIAN_POINT('',(9.17077529168403,1.,25.));
#4375=CARTESIAN_POINT('',(9.17077529168403,1.,30.));
#4376=CARTESIAN_POINT('Origin',(16.2,1.94289029309402E-15,25.));
#4377=CARTESIAN_POINT('Origin',(1.06251812903579E-15,1.94289029309402E-15,
30.));
#4378=CARTESIAN_POINT('',(1.06251812903579E-15,-9.10000000000001,30.));
#4379=CARTESIAN_POINT('Origin',(1.06251812903579E-15,-7.1,30.));
#4380=CARTESIAN_POINT('',(1.06251812903579E-15,-7.1,30.));
#4381=CARTESIAN_POINT('Origin',(-9.10000000000073,4.10000000000073,30.));
#4382=CARTESIAN_POINT('',(-5.79655069847577,4.10000000000003,25.));
#4383=CARTESIAN_POINT('',(-5.79655069847577,4.10000000000002,30.));
#4384=CARTESIAN_POINT('',(-9.10000000000073,4.10000000000073,25.));
#4385=CARTESIAN_POINT('',(-9.10000000000073,4.10000000000073,30.));
#4386=CARTESIAN_POINT('',(4.42672465075894,4.09999999999784,25.));
#4387=CARTESIAN_POINT('Origin',(-9.10000000000073,7.1,30.));
#4388=CARTESIAN_POINT('Origin',(-9.10000000000073,7.1,25.));
#4389=CARTESIAN_POINT('Origin',(-4.36463056856122,61.8999999999997,30.));
#4390=CARTESIAN_POINT('',(2.27499999999999,61.8999999999997,25.));
#4391=CARTESIAN_POINT('Origin',(-5.21954557079468,74.95428360303,30.));
#4392=CARTESIAN_POINT('',(-5.21954557079468,74.95428360303,30.));
#4393=CARTESIAN_POINT('Origin',(-1.04083408558608E-16,67.5,30.));
#4394=CARTESIAN_POINT('',(8.55205888690931,70.6100303527201,30.));
#4395=CARTESIAN_POINT('Origin',(23.129224708318,75.911143074314,30.));
#4396=CARTESIAN_POINT('',(10.7993445180379,66.4999999999992,25.));
#4397=CARTESIAN_POINT('Origin',(23.129224708318,75.911143074314,25.));
#4398=CARTESIAN_POINT('',(10.7993445180379,66.4999999999992,30.));
#4399=CARTESIAN_POINT('Origin',(14.65,33.7499999999999,25.));
#4400=CARTESIAN_POINT('',(17.0292247083177,66.4999999999995,25.));
#4401=CARTESIAN_POINT('Origin',(23.1292247083189,66.4999999999995,25.));
#4402=CARTESIAN_POINT('',(7.02922470831743,66.499999999999,25.));
#4403=CARTESIAN_POINT('Origin',(14.65,33.7499999999999,25.));
#4404=CARTESIAN_POINT('',(17.029224708316,0.999999999999996,25.));
#4405=CARTESIAN_POINT('',(7.029224708316,1.,25.));
#4406=CARTESIAN_POINT('Origin',(23.129224708316,1.,25.));
#4407=CARTESIAN_POINT('Origin',(14.65,33.7499999999999,25.));
#4408=CARTESIAN_POINT('',(-9.10000000000022,-2.60236276972137E-12,25.));
#4409=CARTESIAN_POINT('Ctrl Pts',(-12.1,7.10000000000001,25.));
#4410=CARTESIAN_POINT('Ctrl Pts',(-12.1,3.55,25.));
#4411=CARTESIAN_POINT('Ctrl Pts',(-9.10000000000022,3.55,25.));
#4412=CARTESIAN_POINT('Ctrl Pts',(-9.10000000000022,1.50617624484369E-16,
25.));
#4413=CARTESIAN_POINT('',(4.14179313503071,-8.10281121751066,25.));
#4414=CARTESIAN_POINT('Origin',(0.,0.,25.));
#4415=CARTESIAN_POINT('',(17.029224708316,-5.,25.));
#4416=CARTESIAN_POINT('Origin',(17.029224708316,-33.3151822154028,25.));
#4417=CARTESIAN_POINT('',(17.029224708316,-1.00000000000001,25.));
#4418=CARTESIAN_POINT('',(17.029224708316,-1.,25.));
#4419=CARTESIAN_POINT('',(7.02922470831599,-0.999999999999964,25.));
#4420=CARTESIAN_POINT('Origin',(0.,0.,25.));
#4421=CARTESIAN_POINT('Origin',(12.0292247083192,-4.99999999999997,12.5));
#4422=CARTESIAN_POINT('',(16.0292247083192,-4.99999999999997,12.5));
#4423=CARTESIAN_POINT('Origin',(12.0292247083192,-4.99999999999997,12.5));
#4424=CARTESIAN_POINT('',(16.0292247083192,-5.01766388090094,12.5));
#4425=CARTESIAN_POINT('',(16.0292247083192,-4.99999999999997,12.5));
#4426=CARTESIAN_POINT('Ctrl Pts',(16.0292247083192,-5.01766388090094,12.5));
#4427=CARTESIAN_POINT('Ctrl Pts',(16.0292247083192,-5.01766388090094,11.9979312352924));
#4428=CARTESIAN_POINT('Ctrl Pts',(15.928905910197,-5.02065092316406,11.462410064179));
#4429=CARTESIAN_POINT('Ctrl Pts',(15.5211300105883,-5.03945317060105,10.4774512213649));
#4430=CARTESIAN_POINT('Ctrl Pts',(15.2136701897207,-5.05603222899176,10.0280294051367));
#4431=CARTESIAN_POINT('Ctrl Pts',(14.5020570882083,-5.11072490093226,9.31553832840073));
#4432=CARTESIAN_POINT('Ctrl Pts',(14.049686949001,-5.1528085345692,9.00672631234854));
#4433=CARTESIAN_POINT('Ctrl Pts',(13.0624270478034,-5.27482820619363,8.59901019276307));
#4434=CARTESIAN_POINT('Ctrl Pts',(12.5276761136484,-5.35553174313289,8.5));
#4435=CARTESIAN_POINT('Ctrl Pts',(11.5206121829076,-5.53620195020821,8.5));
#4436=CARTESIAN_POINT('Ctrl Pts',(10.9811289061984,-5.64879784308604,8.60266250770738));
#4437=CARTESIAN_POINT('Ctrl Pts',(9.99132660632855,-5.88388116348802,9.01650816058556));
#4438=CARTESIAN_POINT('Ctrl Pts',(9.54079535450305,-6.00565484225112,9.32758881528122));
#4439=CARTESIAN_POINT('Ctrl Pts',(8.83798326514171,-6.20829485025439,10.0384503524142));
#4440=CARTESIAN_POINT('Ctrl Pts',(8.53450948432907,-6.30343449084937,10.4831949698785));
#4441=CARTESIAN_POINT('Ctrl Pts',(8.13004335131926,-6.43397550901136,11.4622521414608));
#4442=CARTESIAN_POINT('Ctrl Pts',(8.02922470831917,-6.46840319274312,11.9967660237346));
#4443=CARTESIAN_POINT('Ctrl Pts',(8.02922470831917,-6.46840319274312,13.0032339762654));
#4444=CARTESIAN_POINT('Ctrl Pts',(8.13004335131926,-6.43397550901136,13.5377478585392));
#4445=CARTESIAN_POINT('Ctrl Pts',(8.53450948432907,-6.30343449084937,14.5168050301215));
#4446=CARTESIAN_POINT('Ctrl Pts',(8.83798326514171,-6.20829485025439,14.9615496475858));
#4447=CARTESIAN_POINT('Ctrl Pts',(9.54079535450305,-6.00565484225112,15.6724111847188));
#4448=CARTESIAN_POINT('Ctrl Pts',(9.99132660632854,-5.88388116348802,15.9834918394144));
#4449=CARTESIAN_POINT('Ctrl Pts',(10.9811289061984,-5.64879784308604,16.3973374922926));
#4450=CARTESIAN_POINT('Ctrl Pts',(11.5206121829076,-5.53620195020821,16.5));
#4451=CARTESIAN_POINT('Ctrl Pts',(12.5276761136484,-5.35553174313289,16.5));
#4452=CARTESIAN_POINT('Ctrl Pts',(13.0624270478034,-5.27482820619363,16.4009898072369));
#4453=CARTESIAN_POINT('Ctrl Pts',(14.049686949001,-5.1528085345692,15.9932736876515));
#4454=CARTESIAN_POINT('Ctrl Pts',(14.5020570882083,-5.11072490093226,15.6844616715993));
#4455=CARTESIAN_POINT('Ctrl Pts',(15.2136701897207,-5.05603222899176,14.9719705948633));
#4456=CARTESIAN_POINT('Ctrl Pts',(15.5211300105883,-5.03945317060105,14.5225487786351));
#4457=CARTESIAN_POINT('Ctrl Pts',(15.928905910197,-5.02065092316406,13.537589935821));
#4458=CARTESIAN_POINT('Ctrl Pts',(16.0292247083192,-5.01766388090094,13.0020687647076));
#4459=CARTESIAN_POINT('Ctrl Pts',(16.0292247083192,-5.01766388090094,12.5));
#4460=CARTESIAN_POINT('Origin',(12.0292247083192,-4.99999999999997,12.5));
#4461=CARTESIAN_POINT('',(14.3292247083192,-4.99999999999997,12.5));
#4462=CARTESIAN_POINT('Origin',(12.0292247083192,-4.99999999999997,12.5));
#4463=CARTESIAN_POINT('Origin',(12.0292247083192,-4.99999999999997,12.5));
#4464=CARTESIAN_POINT('',(14.3292247083192,-1.,12.5));
#4465=CARTESIAN_POINT('Origin',(12.0292247083192,-1.00000000000001,12.5));
#4466=CARTESIAN_POINT('',(14.3292247083192,-4.99999999999997,12.5));
#4467=CARTESIAN_POINT('Origin',(12.0292247083192,-4.99999999999997,12.5));
#4468=CARTESIAN_POINT('',(14.3292247083192,1.00000000000001,12.5));
#4469=CARTESIAN_POINT('',(14.3292247083192,-4.99999999999997,12.5));
#4470=CARTESIAN_POINT('Origin',(12.0292247083192,1.,12.5));
#4471=CARTESIAN_POINT('Origin',(12.0292247083192,72.5000000000012,12.5));
#4472=CARTESIAN_POINT('',(8.02922470831916,72.5000000000012,12.5));
#4473=CARTESIAN_POINT('Origin',(12.0292247083192,72.5000000000012,12.5));
#4474=CARTESIAN_POINT('',(8.02922470831916,73.9684031927467,12.5));
#4475=CARTESIAN_POINT('',(8.02922470831916,72.5000000000012,12.5));
#4476=CARTESIAN_POINT('Ctrl Pts',(8.02922470831916,73.9684031927467,12.5));
#4477=CARTESIAN_POINT('Ctrl Pts',(8.02922470831916,73.9684031927467,11.9967660237346));
#4478=CARTESIAN_POINT('Ctrl Pts',(8.13004335131925,73.933975509015,11.4622521414608));
#4479=CARTESIAN_POINT('Ctrl Pts',(8.53450948432908,73.8034344908533,10.4831949698785));
#4480=CARTESIAN_POINT('Ctrl Pts',(8.83798326514173,73.7082948502585,10.0384503524141));
#4481=CARTESIAN_POINT('Ctrl Pts',(9.5407953545031,73.5056548422557,9.32758881528118));
#4482=CARTESIAN_POINT('Ctrl Pts',(9.9913266063286,73.3838811634928,9.01650816058553));
#4483=CARTESIAN_POINT('Ctrl Pts',(10.9811289061984,73.1487978430913,8.60266250770737));
#4484=CARTESIAN_POINT('Ctrl Pts',(11.5206121829077,73.0362019502137,8.5));
#4485=CARTESIAN_POINT('Ctrl Pts',(12.5276761136484,72.8555317431387,8.5));
#4486=CARTESIAN_POINT('Ctrl Pts',(13.0624270478034,72.7748282061996,8.59901019276307));
#4487=CARTESIAN_POINT('Ctrl Pts',(14.049686949001,72.6528085345754,9.00672631234855));
#4488=CARTESIAN_POINT('Ctrl Pts',(14.5020570882083,72.6107249009385,9.31553832840074));
#4489=CARTESIAN_POINT('Ctrl Pts',(15.2136701897207,72.5560322289981,10.0280294051367));
#4490=CARTESIAN_POINT('Ctrl Pts',(15.5211300105883,72.5394531706074,10.4774512213649));
#4491=CARTESIAN_POINT('Ctrl Pts',(15.928905910197,72.5206509231704,11.462410064179));
#4492=CARTESIAN_POINT('Ctrl Pts',(16.0292247083192,72.5176638809073,11.9979312352924));
#4493=CARTESIAN_POINT('Ctrl Pts',(16.0292247083192,72.5176638809073,13.0020687647076));
#4494=CARTESIAN_POINT('Ctrl Pts',(15.928905910197,72.5206509231704,13.537589935821));
#4495=CARTESIAN_POINT('Ctrl Pts',(15.5211300105883,72.5394531706074,14.5225487786351));
#4496=CARTESIAN_POINT('Ctrl Pts',(15.2136701897207,72.5560322289981,14.9719705948633));
#4497=CARTESIAN_POINT('Ctrl Pts',(14.5020570882083,72.6107249009385,15.6844616715993));
#4498=CARTESIAN_POINT('Ctrl Pts',(14.049686949001,72.6528085345754,15.9932736876514));
#4499=CARTESIAN_POINT('Ctrl Pts',(13.0624270478034,72.7748282061996,16.4009898072369));
#4500=CARTESIAN_POINT('Ctrl Pts',(12.5276761136484,72.8555317431387,16.5));
#4501=CARTESIAN_POINT('Ctrl Pts',(11.5206121829077,73.0362019502137,16.5));
#4502=CARTESIAN_POINT('Ctrl Pts',(10.9811289061984,73.1487978430913,16.3973374922926));
#4503=CARTESIAN_POINT('Ctrl Pts',(9.9913266063286,73.3838811634928,15.9834918394145));
#4504=CARTESIAN_POINT('Ctrl Pts',(9.5407953545031,73.5056548422557,15.6724111847188));
#4505=CARTESIAN_POINT('Ctrl Pts',(8.83798326514173,73.7082948502585,14.9615496475859));
#4506=CARTESIAN_POINT('Ctrl Pts',(8.53450948432908,73.8034344908533,14.5168050301215));
#4507=CARTESIAN_POINT('Ctrl Pts',(8.13004335131925,73.933975509015,13.5377478585392));
#4508=CARTESIAN_POINT('Ctrl Pts',(8.02922470831916,73.9684031927467,13.0032339762654));
#4509=CARTESIAN_POINT('Ctrl Pts',(8.02922470831916,73.9684031927467,12.5));
#4510=CARTESIAN_POINT('Origin',(12.0292247083192,72.5000000000012,12.5));
#4511=CARTESIAN_POINT('',(9.72922470831916,72.5000000000012,12.5));
#4512=CARTESIAN_POINT('Origin',(12.0292247083192,72.5000000000012,12.5));
#4513=CARTESIAN_POINT('Origin',(12.0292247083192,72.5000000000012,12.5));
#4514=CARTESIAN_POINT('',(9.72922470831916,66.4999999999995,12.5));
#4515=CARTESIAN_POINT('Origin',(12.0292247083192,66.4999999999995,12.5));
#4516=CARTESIAN_POINT('',(9.72922470831916,72.5000000000012,12.5));
#4517=CARTESIAN_POINT('Origin',(12.0292247083192,72.5000000000012,12.5));
#4518=CARTESIAN_POINT('',(9.72922470831916,68.499999999999,12.5));
#4519=CARTESIAN_POINT('',(9.72922470831916,72.5000000000012,12.5));
#4520=CARTESIAN_POINT('Origin',(12.0292247083192,68.499999999999,12.5));
#4521=CARTESIAN_POINT('Origin',(17.0292247083177,100.81518221547,0.));
#4522=CARTESIAN_POINT('',(4.14179313502427,75.6028112175137,0.));
#4523=CARTESIAN_POINT('',(17.0292247083177,72.5000000000063,0.));
#4524=CARTESIAN_POINT('Origin',(17.0292247083177,100.81518221547,0.));
#4525=CARTESIAN_POINT('',(4.14179313502427,75.6028112175137,25.));
#4526=CARTESIAN_POINT('',(4.14179313502427,75.6028112175137,0.));
#4527=CARTESIAN_POINT('',(17.0292247083177,72.5000000000063,25.));
#4528=CARTESIAN_POINT('Origin',(17.0292247083177,100.81518221547,25.));
#4529=CARTESIAN_POINT('',(17.0292247083177,72.5000000000063,0.));
#4530=CARTESIAN_POINT('Origin',(17.0292247083177,68.5000000000005,0.));
#4531=CARTESIAN_POINT('',(17.0292247083177,68.5000000000005,0.));
#4532=CARTESIAN_POINT('',(17.0292247083177,72.5000000000005,0.));
#4533=CARTESIAN_POINT('',(17.0292247083177,68.5000000000005,25.));
#4534=CARTESIAN_POINT('',(17.0292247083177,72.5000000000005,25.));
#4535=CARTESIAN_POINT('',(17.0292247083177,68.5000000000005,0.));
#4536=CARTESIAN_POINT('Origin',(7.02922470831772,68.499999999999,0.));
#4537=CARTESIAN_POINT('',(7.02922470831772,68.499999999999,0.));
#4538=CARTESIAN_POINT('',(17.0292247083177,68.5000000000005,0.));
#4539=CARTESIAN_POINT('',(7.02922470831772,68.499999999999,25.));
#4540=CARTESIAN_POINT('',(17.0292247083177,68.5000000000005,25.));
#4541=CARTESIAN_POINT('',(7.02922470831772,68.499999999999,0.));
#4542=CARTESIAN_POINT('Origin',(0.,67.5,0.));
#4543=CARTESIAN_POINT('Origin',(0.,67.5,0.));
#4544=CARTESIAN_POINT('Origin',(0.,67.5,25.));
#4545=CARTESIAN_POINT('Origin',(17.0292247083177,66.4999999999995,0.));
#4546=CARTESIAN_POINT('',(17.0292247083177,66.4999999999995,0.));
#4547=CARTESIAN_POINT('',(7.02922470831743,66.499999999999,0.));
#4548=CARTESIAN_POINT('',(17.0292247083177,66.4999999999995,0.));
#4549=CARTESIAN_POINT('Origin',(23.1292247083189,66.4999999999995,0.));
#4550=CARTESIAN_POINT('Origin',(23.1292247083189,66.4999999999995,0.));
#4551=CARTESIAN_POINT('Origin',(23.129224708316,1.,0.));
#4552=CARTESIAN_POINT('',(17.029224708316,1.,0.));
#4553=CARTESIAN_POINT('Origin',(23.129224708316,1.,0.));
#4554=CARTESIAN_POINT('',(17.029224708316,1.,0.));
#4555=CARTESIAN_POINT('Origin',(7.029224708316,1.,0.));
#4556=CARTESIAN_POINT('',(7.029224708316,1.,0.));
#4557=CARTESIAN_POINT('',(7.029224708316,1.,0.));
#4558=CARTESIAN_POINT('',(7.029224708316,1.,0.));
#4559=CARTESIAN_POINT('Origin',(0.,0.,0.));
#4560=CARTESIAN_POINT('Origin',(0.,0.,0.));
#4561=CARTESIAN_POINT('Origin',(17.029224708316,-1.,0.));
#4562=CARTESIAN_POINT('',(17.029224708316,-1.,0.));
#4563=CARTESIAN_POINT('',(7.02922470831599,-0.999999999999964,0.));
#4564=CARTESIAN_POINT('',(17.029224708316,-1.,0.));
#4565=CARTESIAN_POINT('Origin',(17.029224708316,-5.,0.));
#4566=CARTESIAN_POINT('',(17.029224708316,-5.,0.));
#4567=CARTESIAN_POINT('',(17.029224708316,-1.,0.));
#4568=CARTESIAN_POINT('',(17.029224708316,-5.,0.));
#4569=CARTESIAN_POINT('Origin',(17.029224708316,-33.3151822154028,0.));
#4570=CARTESIAN_POINT('',(4.14179313503071,-8.10281121751066,0.));
#4571=CARTESIAN_POINT('Origin',(17.029224708316,-33.3151822154028,0.));
#4572=CARTESIAN_POINT('',(4.14179313503071,-8.10281121751066,0.));
#4573=CARTESIAN_POINT('Origin',(0.,0.,0.));
#4574=CARTESIAN_POINT('',(-9.10000000000022,-2.60513832728293E-12,0.));
#4575=CARTESIAN_POINT('Origin',(0.,0.,0.));
#4576=CARTESIAN_POINT('',(-9.10000000000022,-2.60513832728293E-12,0.));
#4577=CARTESIAN_POINT('Ctrl Pts',(-12.1,7.10000000000001,0.));
#4578=CARTESIAN_POINT('Ctrl Pts',(-12.1,7.10000000000001,25.));
#4579=CARTESIAN_POINT('Ctrl Pts',(-12.1,3.55,0.));
#4580=CARTESIAN_POINT('Ctrl Pts',(-12.1,3.55,25.));
#4581=CARTESIAN_POINT('Ctrl Pts',(-9.10000000000022,3.55,0.));
#4582=CARTESIAN_POINT('Ctrl Pts',(-9.10000000000022,3.55,25.));
#4583=CARTESIAN_POINT('Ctrl Pts',(-9.10000000000022,1.50617624484369E-16,
0.));
#4584=CARTESIAN_POINT('Ctrl Pts',(-9.10000000000022,1.50617624484369E-16,
25.));
#4585=CARTESIAN_POINT('Ctrl Pts',(-12.1,7.10000000000001,0.));
#4586=CARTESIAN_POINT('Ctrl Pts',(-12.1,3.55,0.));
#4587=CARTESIAN_POINT('Ctrl Pts',(-9.10000000000022,3.55,0.));
#4588=CARTESIAN_POINT('Ctrl Pts',(-9.10000000000022,1.50617624484369E-16,
0.));
#4589=CARTESIAN_POINT('Ctrl Pts',(-9.09999999999997,67.5,0.));
#4590=CARTESIAN_POINT('Ctrl Pts',(-9.09999999999997,67.5,25.));
#4591=CARTESIAN_POINT('Ctrl Pts',(-9.09999999999997,63.9499999999977,0.));
#4592=CARTESIAN_POINT('Ctrl Pts',(-9.09999999999997,63.9499999999977,25.));
#4593=CARTESIAN_POINT('Ctrl Pts',(-12.1,63.9499999999977,0.));
#4594=CARTESIAN_POINT('Ctrl Pts',(-12.1,63.9499999999977,25.));
#4595=CARTESIAN_POINT('Ctrl Pts',(-12.1,60.3999999999955,0.));
#4596=CARTESIAN_POINT('Ctrl Pts',(-12.1,60.3999999999955,25.));
#4597=CARTESIAN_POINT('',(-9.09999999999996,67.5000000000027,0.));
#4598=CARTESIAN_POINT('Ctrl Pts',(-12.1,60.3999999999955,0.));
#4599=CARTESIAN_POINT('Ctrl Pts',(-12.1,63.9499999999977,0.));
#4600=CARTESIAN_POINT('Ctrl Pts',(-9.09999999999997,63.9499999999977,0.));
#4601=CARTESIAN_POINT('Ctrl Pts',(-9.09999999999997,67.5,0.));
#4602=CARTESIAN_POINT('',(-9.09999999999997,67.5000000000027,25.));
#4603=CARTESIAN_POINT('Ctrl Pts',(-9.09999999999997,67.5,25.));
#4604=CARTESIAN_POINT('Ctrl Pts',(-9.09999999999997,63.9499999999977,25.));
#4605=CARTESIAN_POINT('Ctrl Pts',(-12.1,63.9499999999977,25.));
#4606=CARTESIAN_POINT('Ctrl Pts',(-12.1,60.3999999999955,25.));
#4607=CARTESIAN_POINT('',(-9.09999999999996,67.5000000000027,0.));
#4608=CARTESIAN_POINT('Origin',(0.,67.5,0.));
#4609=CARTESIAN_POINT('Origin',(0.,67.5,0.));
#4610=CARTESIAN_POINT('Origin',(0.,67.5,25.));
#4611=CARTESIAN_POINT('Origin',(14.65,33.7499999999999,25.));
#4612=CARTESIAN_POINT('Origin',(14.65,33.7499999999999,0.));
#4613=UNCERTAINTY_MEASURE_WITH_UNIT(LENGTH_MEASURE(0.01),#4617,
'DISTANCE_ACCURACY_VALUE',
'Maximum model space distance between geometric entities at asserted c
onnectivities');
#4614=UNCERTAINTY_MEASURE_WITH_UNIT(LENGTH_MEASURE(0.01),#4617,
'DISTANCE_ACCURACY_VALUE',
'Maximum model space distance between geometric entities at asserted c
onnectivities');
#4615=(
GEOMETRIC_REPRESENTATION_CONTEXT(3)
GLOBAL_UNCERTAINTY_ASSIGNED_CONTEXT((#4613))
GLOBAL_UNIT_ASSIGNED_CONTEXT((#4617,#4619,#4620))
REPRESENTATION_CONTEXT('','3D')
);
#4616=(
GEOMETRIC_REPRESENTATION_CONTEXT(3)
GLOBAL_UNCERTAINTY_ASSIGNED_CONTEXT((#4614))
GLOBAL_UNIT_ASSIGNED_CONTEXT((#4617,#4619,#4620))
REPRESENTATION_CONTEXT('','3D')
);
#4617=(
LENGTH_UNIT()
NAMED_UNIT(*)
SI_UNIT(.MILLI.,.METRE.)
);
#4618=(
LENGTH_UNIT()
NAMED_UNIT(*)
SI_UNIT($,.METRE.)
);
#4619=(
NAMED_UNIT(*)
PLANE_ANGLE_UNIT()
SI_UNIT($,.RADIAN.)
);
#4620=(
NAMED_UNIT(*)
SI_UNIT($,.STERADIAN.)
SOLID_ANGLE_UNIT()
);
#4621=SHAPE_DEFINITION_REPRESENTATION(#4622,#4623);
#4622=PRODUCT_DEFINITION_SHAPE('',$,#4625);
#4623=SHAPE_REPRESENTATION('',(#2726),#4615);
#4624=PRODUCT_DEFINITION_CONTEXT('part definition',#4629,'design');
#4625=PRODUCT_DEFINITION('Configuration 1','Case6 v3',#4626,#4624);
#4626=PRODUCT_DEFINITION_FORMATION('',$,#4631);
#4627=PRODUCT_RELATED_PRODUCT_CATEGORY('Case6 v3','Case6 v3',(#4631));
#4628=APPLICATION_PROTOCOL_DEFINITION('international standard',
'ap242_managed_model_based_3d_engineering',2011,#4629);
#4629=APPLICATION_CONTEXT('Managed model based 3d engineering');
#4630=PRODUCT_CONTEXT('part definition',#4629,'mechanical');
#4631=PRODUCT('Configuration 1','Case6 v3',$,(#4630));
#4632=PRESENTATION_STYLE_ASSIGNMENT((#4633));
#4633=SURFACE_STYLE_USAGE(.BOTH.,#4634);
#4634=SURFACE_SIDE_STYLE('',(#4635));
#4635=SURFACE_STYLE_FILL_AREA(#4636);
#4636=FILL_AREA_STYLE('Steel - Satin',(#4637));
#4637=FILL_AREA_STYLE_COLOUR('Steel - Satin',#4638);
#4638=COLOUR_RGB('Steel - Satin',0.627450980392157,0.627450980392157,0.627450980392157);
ENDSEC;
END-ISO-10303-21;
